"url","pageType","status","canonical","indexState","robotsAccessible","sitemap","title","titleLength","description","descriptionLength","h1","published","modified","ogTitle","ogDescription","ogImage","twitterCard","structuredData","author","wordCount","primaryImage","primaryImageAlt","internalLinks","externalLinks","canonicalConflict"
"https://www.sthenofitness.com","homepage","200","https://www.sthenofitness.com","index","true","true","STHENO Fitness | Personalized Training, Nutrition Progress","58","Personalized workouts, practical nutrition guidance, progress tracking and fitness coaching that adapts as you improve and life changes.","136","A fitness plan that changes when your life does.","","","STHENO Fitness | Personalized Training, Nutrition &amp; Progress","Personalized workouts, practical nutrition guidance, progress tracking and fitness coaching that adapts as you improve and life changes.","https://www.sthenofitness.com/opengraph-image","summary_large_image","Organization","","92","","","25","5",""
"https://www.sthenofitness.com/about","about","200","https://www.sthenofitness.com/about","index","true","true","About STHENO | STHENO Fitness","29","Why STHENO exists and the principles behind its personalized, practical approach to fitness coaching.","101","Fitness should not require a second job.","","","About STHENO","Why STHENO exists and the principles behind its personalized, practical approach to fitness coaching.","https://www.sthenofitness.com/opengraph-image","summary_large_image","Organization|Organization","","362","","","26","5",""
"https://www.sthenofitness.com/assessment","assessment","200","https://www.sthenofitness.com/assessment","index","true","true","Free Fitness Assessment | STHENO Fitness","40","Get a practical training and nutrition starting blueprint in about two minutes.","79","Build your personalized fitness plan.","","","Free Fitness Assessment | STHENO Fitness","Get a practical training and nutrition starting blueprint in about two minutes.","","summary_large_image","Organization","","85","","","25","5",""
"https://www.sthenofitness.com/author/matthew-david","author","200","https://www.sthenofitness.com/author/matthew-david","index","true","true","Matthew David — Founder Author | STHENO Fitness","47","Meet Matthew David, certified personal trainer, founder of STHENO Fitness, and author of STHENO&#x27;s practical fitness guides.","128","Matthew David","","","Matthew David — Founder &amp; Author","Meet Matthew David, certified personal trainer, founder of STHENO Fitness, and author of STHENO&#x27;s practical fitness guides.","https://www.sthenofitness.com/opengraph-image","summary_large_image","ProfilePage|Organization","","835","","","51","5",""
"https://www.sthenofitness.com/compare","compare","200","https://www.sthenofitness.com/compare","index","true","true","Compare Fitness Coaching Options | STHENO Fitness","49","A fair framework for comparing personalized fitness coaching, training apps, and the support they provide.","106","Choose the kind of fitness support you actually need.","","","Compare Fitness Coaching Options","A fair framework for comparing personalized fitness coaching, training apps, and the support they provide.","https://www.sthenofitness.com/opengraph-image","summary_large_image","BreadcrumbList|Organization","","213","","","29","5",""
"https://www.sthenofitness.com/contact","contact","200","https://www.sthenofitness.com/contact","index","true","true","Contact STHENO | STHENO Fitness","31","Get help with your STHENO membership, account, technical issue, partnership, or privacy request.","96","How can we help?","","","STHENO Fitness | Personalized Fitness Coaching","Your fitness. Handled. Personalized training, nutrition, and coaching that adapts to real life.","https://www.sthenofitness.com/opengraph-image","summary_large_image","Organization","","152","","","25","5",""
"https://www.sthenofitness.com/editorial-standards","editorial-standards","200","https://www.sthenofitness.com/editorial-standards","index","true","true","Editorial Standards | STHENO Fitness","36","How STHENO Fitness researches, writes, sources, updates, and corrects its fitness and nutrition guidance.","105","How we create fitness guidance.","","","Editorial Standards","How STHENO Fitness researches, writes, sources, updates, and corrects its fitness and nutrition guidance.","https://www.sthenofitness.com/opengraph-image","summary_large_image","Organization","","256","","","26","5",""
"https://www.sthenofitness.com/exercises","exercises","200","https://www.sthenofitness.com/exercises","index","true","true","Reviewed Exercise Library | STHENO Fitness","42","Browse hundreds of production-ready exercises with videos, setup, coaching cues, and muscle-matched alternatives.","113","Exercise Library","","","STHENO Fitness | Personalized Fitness Coaching","Your fitness. Handled. Personalized training, nutrition, and coaching that adapts to real life.","https://www.sthenofitness.com/opengraph-image","summary_large_image","Organization","","15231","","","593","5",""
"https://www.sthenofitness.com/exercises/ab-roll","exercises","200","https://www.sthenofitness.com/exercises/ab-roll","index","true","true","Ab Roll Workout Exercise Guide | STHENO Fitness","47","Learn how to perform Ab Roll Workout, which muscles it works, common mistakes, and practical coaching cues.","107","Ab Roll Workout","","","STHENO Fitness | Personalized Fitness Coaching","Your fitness. Handled. Personalized training, nutrition, and coaching that adapts to real life.","https://www.sthenofitness.com/opengraph-image","summary_large_image","HowTo|Organization","","506","","","36","5",""
"https://www.sthenofitness.com/exercises/ab-wheel","exercises","200","https://www.sthenofitness.com/exercises/ab-wheel","index","true","true","Ab Wheel Workout Exercise Guide | STHENO Fitness","48","Learn how to perform Ab Wheel Workout, which muscles it works, common mistakes, and practical coaching cues.","108","Ab Wheel Workout","","","STHENO Fitness | Personalized Fitness Coaching","Your fitness. Handled. Personalized training, nutrition, and coaching that adapts to real life.","https://www.sthenofitness.com/opengraph-image","summary_large_image","HowTo|Organization","","511","","","36","5",""
"https://www.sthenofitness.com/exercises/ab-wheel-rollout-kneeling","exercises","200","https://www.sthenofitness.com/exercises/ab-wheel-rollout-kneeling","index","true","true","Ab Wheel Rollout (Kneeling) Exercise Guide | STHENO Fitness","59","Learn how to perform Ab Wheel Rollout (Kneeling), which muscles it works, common mistakes, and practical coaching cues.","119","Ab Wheel Rollout (Kneeling)","","","STHENO Fitness | Personalized Fitness Coaching","Your fitness. Handled. Personalized training, nutrition, and coaching that adapts to real life.","https://www.sthenofitness.com/opengraph-image","summary_large_image","HowTo|Organization","","510","","","36","5",""
"https://www.sthenofitness.com/exercises/air-bike-sprint","exercises","200","https://www.sthenofitness.com/exercises/air-bike-sprint","index","true","true","Air Bike Sprint Exercise Guide | STHENO Fitness","47","Learn how to perform Air Bike Sprint, which muscles it works, common mistakes, and practical coaching cues.","107","Air Bike Sprint","","","STHENO Fitness | Personalized Fitness Coaching","Your fitness. Handled. Personalized training, nutrition, and coaching that adapts to real life.","https://www.sthenofitness.com/opengraph-image","summary_large_image","HowTo|Organization","","508","","","36","5",""
"https://www.sthenofitness.com/exercises/air-squat","exercises","200","https://www.sthenofitness.com/exercises/air-squat","index","true","true","Air Squat Exercise Guide | STHENO Fitness","41","Learn how to perform Air Squat, which muscles it works, common mistakes, and practical coaching cues.","101","Air Squat","","","STHENO Fitness | Personalized Fitness Coaching","Your fitness. Handled. Personalized training, nutrition, and coaching that adapts to real life.","https://www.sthenofitness.com/opengraph-image","summary_large_image","HowTo|Organization","","443","","","36","5",""
"https://www.sthenofitness.com/exercises/alternating-dumbbell-bench-press","exercises","200","https://www.sthenofitness.com/exercises/alternating-dumbbell-bench-press","index","true","true","Alternating Dumbbell Bench Press Exercise Guide | STHENO Fitness","64","Learn how to perform Alternating Dumbbell Bench Press, which muscles it works, common mistakes, and practical coaching cues.","124","Alternating Dumbbell Bench Press","","","STHENO Fitness | Personalized Fitness Coaching","Your fitness. Handled. Personalized training, nutrition, and coaching that adapts to real life.","https://www.sthenofitness.com/opengraph-image","summary_large_image","HowTo|Organization","","435","","","36","5",""
"https://www.sthenofitness.com/exercises/alternating-dumbbell-hammer-curl","exercises","200","https://www.sthenofitness.com/exercises/alternating-dumbbell-hammer-curl","index","true","true","Alternating Dumbbell Hammer Curl Exercise Guide | STHENO Fitness","64","Learn how to perform Alternating Dumbbell Hammer Curl, which muscles it works, common mistakes, and practical coaching cues.","124","Alternating Dumbbell Hammer Curl","","","STHENO Fitness | Personalized Fitness Coaching","Your fitness. Handled. Personalized training, nutrition, and coaching that adapts to real life.","https://www.sthenofitness.com/opengraph-image","summary_large_image","HowTo|Organization","","430","","","36","5",""
"https://www.sthenofitness.com/exercises/archer-pushup","exercises","200","https://www.sthenofitness.com/exercises/archer-pushup","index","true","true","Archer Push Up Exercise Guide | STHENO Fitness","46","Learn how to perform Archer Push Up, which muscles it works, common mistakes, and practical coaching cues.","106","Archer Push Up","","","STHENO Fitness | Personalized Fitness Coaching","Your fitness. Handled. Personalized training, nutrition, and coaching that adapts to real life.","https://www.sthenofitness.com/opengraph-image","summary_large_image","HowTo|Organization","","462","","","36","5",""
"https://www.sthenofitness.com/exercises/ardha-matsyendrasana-seated-spinal-twist","exercises","200","https://www.sthenofitness.com/exercises/ardha-matsyendrasana-seated-spinal-twist","index","true","true","Ardha Matsyendrasana (Seated Spinal Twist) Exercise Guide | STHENO Fitness","74","Learn how to perform Ardha Matsyendrasana (Seated Spinal Twist), which muscles it works, common mistakes, and practical coaching cues.","134","Ardha Matsyendrasana (Seated Spinal Twist)","","","STHENO Fitness | Personalized Fitness Coaching","Your fitness. Handled. Personalized training, nutrition, and coaching that adapts to real life.","https://www.sthenofitness.com/opengraph-image","summary_large_image","HowTo|Organization","","511","","","36","5",""
"https://www.sthenofitness.com/exercises/arm-stretch","exercises","200","https://www.sthenofitness.com/exercises/arm-stretch","index","true","true","Arm Stretch Exercise Guide | STHENO Fitness","43","Learn how to perform Arm Stretch, which muscles it works, common mistakes, and practical coaching cues.","103","Arm Stretch","","","STHENO Fitness | Personalized Fitness Coaching","Your fitness. Handled. Personalized training, nutrition, and coaching that adapts to real life.","https://www.sthenofitness.com/opengraph-image","summary_large_image","HowTo|Organization","","457","","","36","5",""
"https://www.sthenofitness.com/exercises/assisted-dip-machine","exercises","200","https://www.sthenofitness.com/exercises/assisted-dip-machine","index","true","true","Assisted Dip Machine Exercise Guide | STHENO Fitness","52","Learn how to perform Assisted Dip Machine, which muscles it works, common mistakes, and practical coaching cues.","112","Assisted Dip Machine","","","STHENO Fitness | Personalized Fitness Coaching","Your fitness. Handled. Personalized training, nutrition, and coaching that adapts to real life.","https://www.sthenofitness.com/opengraph-image","summary_large_image","HowTo|Organization","","441","","","36","5",""
"https://www.sthenofitness.com/exercises/assisted-pull-up-machine","exercises","200","https://www.sthenofitness.com/exercises/assisted-pull-up-machine","index","true","true","Assisted Pull-Up Machine Exercise Guide | STHENO Fitness","56","Learn how to perform Assisted Pull-Up Machine, which muscles it works, common mistakes, and practical coaching cues.","116","Assisted Pull-Up Machine","","","STHENO Fitness | Personalized Fitness Coaching","Your fitness. Handled. Personalized training, nutrition, and coaching that adapts to real life.","https://www.sthenofitness.com/opengraph-image","summary_large_image","HowTo|Organization","","433","","","36","5",""
"https://www.sthenofitness.com/exercises/back-extension-45-degree","exercises","200","https://www.sthenofitness.com/exercises/back-extension-45-degree","index","true","true","45-Degree Back Extension Exercise Guide | STHENO Fitness","56","Learn how to perform 45-Degree Back Extension, which muscles it works, common mistakes, and practical coaching cues.","116","45-Degree Back Extension","","","STHENO Fitness | Personalized Fitness Coaching","Your fitness. Handled. Personalized training, nutrition, and coaching that adapts to real life.","https://www.sthenofitness.com/opengraph-image","summary_large_image","HowTo|Organization","","422","","","36","5",""
"https://www.sthenofitness.com/exercises/back-extensions-back-extensions","exercises","200","https://www.sthenofitness.com/exercises/back-extensions-back-extensions","index","true","true","Hyperextensions (Back Extensions) Exercise Guide | STHENO Fitness","65","Learn how to perform Hyperextensions (Back Extensions), which muscles it works, common mistakes, and practical coaching cues.","125","Hyperextensions (Back Extensions)","","","STHENO Fitness | Personalized Fitness Coaching","Your fitness. Handled. Personalized training, nutrition, and coaching that adapts to real life.","https://www.sthenofitness.com/opengraph-image","summary_large_image","HowTo|Organization","","489","","","36","5",""
"https://www.sthenofitness.com/exercises/band-assisted-chin-up","exercises","200","https://www.sthenofitness.com/exercises/band-assisted-chin-up","index","true","true","Band-Assisted Chin-Up Exercise Guide | STHENO Fitness","53","Learn how to perform Band-Assisted Chin-Up, which muscles it works, common mistakes, and practical coaching cues.","113","Band-Assisted Chin-Up","","","STHENO Fitness | Personalized Fitness Coaching","Your fitness. Handled. Personalized training, nutrition, and coaching that adapts to real life.","https://www.sthenofitness.com/opengraph-image","summary_large_image","HowTo|Organization","","429","","","36","5",""
"https://www.sthenofitness.com/exercises/band-assisted-neutral-pull-up","exercises","200","https://www.sthenofitness.com/exercises/band-assisted-neutral-pull-up","index","true","true","Band-Assisted Neutral-Grip Pull-Up Exercise Guide | STHENO Fitness","66","Learn how to perform Band-Assisted Neutral-Grip Pull-Up, which muscles it works, common mistakes, and practical coaching cues.","126","Band-Assisted Neutral-Grip Pull-Up","","","STHENO Fitness | Personalized Fitness Coaching","Your fitness. Handled. Personalized training, nutrition, and coaching that adapts to real life.","https://www.sthenofitness.com/opengraph-image","summary_large_image","HowTo|Organization","","426","","","36","5",""
"https://www.sthenofitness.com/exercises/band-overhead-march","exercises","200","https://www.sthenofitness.com/exercises/band-overhead-march","index","true","true","Band Overhead March Exercise Guide | STHENO Fitness","51","Learn how to perform Band Overhead March, which muscles it works, common mistakes, and practical coaching cues.","111","Band Overhead March","","","STHENO Fitness | Personalized Fitness Coaching","Your fitness. Handled. Personalized training, nutrition, and coaching that adapts to real life.","https://www.sthenofitness.com/opengraph-image","summary_large_image","HowTo|Organization","","425","","","36","5",""
"https://www.sthenofitness.com/exercises/band-pushups","exercises","200","https://www.sthenofitness.com/exercises/band-pushups","index","true","true","Band Pushups Exercise Guide | STHENO Fitness","44","Learn how to perform Band Pushups, which muscles it works, common mistakes, and practical coaching cues.","104","Band Pushups","","","STHENO Fitness | Personalized Fitness Coaching","Your fitness. Handled. Personalized training, nutrition, and coaching that adapts to real life.","https://www.sthenofitness.com/opengraph-image","summary_large_image","HowTo|Organization","","506","","","36","5",""
"https://www.sthenofitness.com/exercises/band-resisted-march","exercises","200","https://www.sthenofitness.com/exercises/band-resisted-march","index","true","true","Band-Resisted March Exercise Guide | STHENO Fitness","51","Learn how to perform Band-Resisted March, which muscles it works, common mistakes, and practical coaching cues.","111","Band-Resisted March","","","STHENO Fitness | Personalized Fitness Coaching","Your fitness. Handled. Personalized training, nutrition, and coaching that adapts to real life.","https://www.sthenofitness.com/opengraph-image","summary_large_image","HowTo|Organization","","426","","","36","5",""
"https://www.sthenofitness.com/exercises/banded-biceps-curl","exercises","200","https://www.sthenofitness.com/exercises/banded-biceps-curl","index","true","true","Resistance-Band Biceps Curl Exercise Guide | STHENO Fitness","59","Learn how to perform Resistance-Band Biceps Curl, which muscles it works, common mistakes, and practical coaching cues.","119","Resistance-Band Biceps Curl","","","STHENO Fitness | Personalized Fitness Coaching","Your fitness. Handled. Personalized training, nutrition, and coaching that adapts to real life.","https://www.sthenofitness.com/opengraph-image","summary_large_image","HowTo|Organization","","455","","","36","5",""
"https://www.sthenofitness.com/exercises/banded-calf-raise","exercises","200","https://www.sthenofitness.com/exercises/banded-calf-raise","index","true","true","Banded Calf Raise Exercise Guide | STHENO Fitness","49","Learn how to perform Banded Calf Raise, which muscles it works, common mistakes, and practical coaching cues.","109","Banded Calf Raise","","","STHENO Fitness | Personalized Fitness Coaching","Your fitness. Handled. Personalized training, nutrition, and coaching that adapts to real life.","https://www.sthenofitness.com/opengraph-image","summary_large_image","HowTo|Organization","","440","","","36","5",""
"https://www.sthenofitness.com/exercises/banded-face-pull","exercises","200","https://www.sthenofitness.com/exercises/banded-face-pull","index","true","true","Banded Face Pull Exercise Guide | STHENO Fitness","48","Learn how to perform Banded Face Pull, which muscles it works, common mistakes, and practical coaching cues.","108","Banded Face Pull","","","STHENO Fitness | Personalized Fitness Coaching","Your fitness. Handled. Personalized training, nutrition, and coaching that adapts to real life.","https://www.sthenofitness.com/opengraph-image","summary_large_image","HowTo|Organization","","444","","","36","5",""
"https://www.sthenofitness.com/exercises/banded-floor-press","exercises","200","https://www.sthenofitness.com/exercises/banded-floor-press","index","true","true","Resistance-Band Floor Press Exercise Guide | STHENO Fitness","59","Learn how to perform Resistance-Band Floor Press, which muscles it works, common mistakes, and practical coaching cues.","119","Resistance-Band Floor Press","","","STHENO Fitness | Personalized Fitness Coaching","Your fitness. Handled. Personalized training, nutrition, and coaching that adapts to real life.","https://www.sthenofitness.com/opengraph-image","summary_large_image","HowTo|Organization","","443","","","36","5",""
"https://www.sthenofitness.com/exercises/banded-glute-bridge","exercises","200","https://www.sthenofitness.com/exercises/banded-glute-bridge","index","true","true","Banded Glute Bridge Exercise Guide | STHENO Fitness","51","Learn how to perform Banded Glute Bridge, which muscles it works, common mistakes, and practical coaching cues.","111","Banded Glute Bridge","","","STHENO Fitness | Personalized Fitness Coaching","Your fitness. Handled. Personalized training, nutrition, and coaching that adapts to real life.","https://www.sthenofitness.com/opengraph-image","summary_large_image","HowTo|Organization","","442","","","36","5",""
"https://www.sthenofitness.com/exercises/banded-good-morning","exercises","200","https://www.sthenofitness.com/exercises/banded-good-morning","index","true","true","Resistance-Band Good Morning Exercise Guide | STHENO Fitness","60","Learn how to perform Resistance-Band Good Morning, which muscles it works, common mistakes, and practical coaching cues.","120","Resistance-Band Good Morning","","","STHENO Fitness | Personalized Fitness Coaching","Your fitness. Handled. Personalized training, nutrition, and coaching that adapts to real life.","https://www.sthenofitness.com/opengraph-image","summary_large_image","HowTo|Organization","","464","","","36","5",""
"https://www.sthenofitness.com/exercises/banded-lat-pulldown-kneeling","exercises","200","https://www.sthenofitness.com/exercises/banded-lat-pulldown-kneeling","index","true","true","Kneeling Banded Lat Pulldown Exercise Guide | STHENO Fitness","60","Learn how to perform Kneeling Banded Lat Pulldown, which muscles it works, common mistakes, and practical coaching cues.","120","Kneeling Banded Lat Pulldown","","","STHENO Fitness | Personalized Fitness Coaching","Your fitness. Handled. Personalized training, nutrition, and coaching that adapts to real life.","https://www.sthenofitness.com/opengraph-image","summary_large_image","HowTo|Organization","","437","","","34","5",""
"https://www.sthenofitness.com/exercises/banded-lateral-raise","exercises","200","https://www.sthenofitness.com/exercises/banded-lateral-raise","index","true","true","Banded Lateral Raise Exercise Guide | STHENO Fitness","52","Learn how to perform Banded Lateral Raise, which muscles it works, common mistakes, and practical coaching cues.","112","Banded Lateral Raise","","","STHENO Fitness | Personalized Fitness Coaching","Your fitness. Handled. Personalized training, nutrition, and coaching that adapts to real life.","https://www.sthenofitness.com/opengraph-image","summary_large_image","HowTo|Organization","","460","","","36","5",""
"https://www.sthenofitness.com/exercises/banded-lateral-walk","exercises","200","https://www.sthenofitness.com/exercises/banded-lateral-walk","index","true","true","Banded Lateral Walk Exercise Guide | STHENO Fitness","51","Learn how to perform Banded Lateral Walk, which muscles it works, common mistakes, and practical coaching cues.","111","Banded Lateral Walk","","","STHENO Fitness | Personalized Fitness Coaching","Your fitness. Handled. Personalized training, nutrition, and coaching that adapts to real life.","https://www.sthenofitness.com/opengraph-image","summary_large_image","HowTo|Organization","","437","","","35","5",""
"https://www.sthenofitness.com/exercises/banded-leg-extension-seated","exercises","200","https://www.sthenofitness.com/exercises/banded-leg-extension-seated","index","true","true","Banded Seated Leg Extension Exercise Guide | STHENO Fitness","59","Learn how to perform Banded Seated Leg Extension, which muscles it works, common mistakes, and practical coaching cues.","119","Banded Seated Leg Extension","","","STHENO Fitness | Personalized Fitness Coaching","Your fitness. Handled. Personalized training, nutrition, and coaching that adapts to real life.","https://www.sthenofitness.com/opengraph-image","summary_large_image","HowTo|Organization","","442","","","36","5",""
"https://www.sthenofitness.com/exercises/banded-monster-walk","exercises","200","https://www.sthenofitness.com/exercises/banded-monster-walk","index","true","true","Banded Monster Walk Exercise Guide | STHENO Fitness","51","Learn how to perform Banded Monster Walk, which muscles it works, common mistakes, and practical coaching cues.","111","Banded Monster Walk","","","STHENO Fitness | Personalized Fitness Coaching","Your fitness. Handled. Personalized training, nutrition, and coaching that adapts to real life.","https://www.sthenofitness.com/opengraph-image","summary_large_image","HowTo|Organization","","432","","","35","5",""
"https://www.sthenofitness.com/exercises/banded-overhead-press","exercises","200","https://www.sthenofitness.com/exercises/banded-overhead-press","index","true","true","Resistance-Band Overhead Press Exercise Guide | STHENO Fitness","62","Learn how to perform Resistance-Band Overhead Press, which muscles it works, common mistakes, and practical coaching cues.","122","Resistance-Band Overhead Press","","","STHENO Fitness | Personalized Fitness Coaching","Your fitness. Handled. Personalized training, nutrition, and coaching that adapts to real life.","https://www.sthenofitness.com/opengraph-image","summary_large_image","HowTo|Organization","","437","","","36","5",""
"https://www.sthenofitness.com/exercises/banded-pallof-press","exercises","200","https://www.sthenofitness.com/exercises/banded-pallof-press","index","true","true","Banded Pallof Press Exercise Guide | STHENO Fitness","51","Learn how to perform Banded Pallof Press, which muscles it works, common mistakes, and practical coaching cues.","111","Banded Pallof Press","","","STHENO Fitness | Personalized Fitness Coaching","Your fitness. Handled. Personalized training, nutrition, and coaching that adapts to real life.","https://www.sthenofitness.com/opengraph-image","summary_large_image","HowTo|Organization","","438","","","36","5",""
"https://www.sthenofitness.com/exercises/banded-pull-apart","exercises","200","https://www.sthenofitness.com/exercises/banded-pull-apart","index","true","true","Resistance-Band Pull-Apart Exercise Guide | STHENO Fitness","58","Learn how to perform Resistance-Band Pull-Apart, which muscles it works, common mistakes, and practical coaching cues.","118","Resistance-Band Pull-Apart","","","STHENO Fitness | Personalized Fitness Coaching","Your fitness. Handled. Personalized training, nutrition, and coaching that adapts to real life.","https://www.sthenofitness.com/opengraph-image","summary_large_image","HowTo|Organization","","440","","","36","5",""
"https://www.sthenofitness.com/exercises/banded-pull-apart-rear-delt-focus","exercises","200","https://www.sthenofitness.com/exercises/banded-pull-apart-rear-delt-focus","index","true","true","Banded Pull-Apart (Rear Delt Focus) Exercise Guide | STHENO Fitness","67","Learn how to perform Banded Pull-Apart (Rear Delt Focus), which muscles it works, common mistakes, and practical coaching cues.","127","Banded Pull-Apart (Rear Delt Focus)","","","STHENO Fitness | Personalized Fitness Coaching","Your fitness. Handled. Personalized training, nutrition, and coaching that adapts to real life.","https://www.sthenofitness.com/opengraph-image","summary_large_image","HowTo|Organization","","463","","","36","5",""
"https://www.sthenofitness.com/exercises/banded-row-seated","exercises","200","https://www.sthenofitness.com/exercises/banded-row-seated","index","true","true","Seated Resistance-Band Row Exercise Guide | STHENO Fitness","58","Learn how to perform Seated Resistance-Band Row, which muscles it works, common mistakes, and practical coaching cues.","118","Seated Resistance-Band Row","","","STHENO Fitness | Personalized Fitness Coaching","Your fitness. Handled. Personalized training, nutrition, and coaching that adapts to real life.","https://www.sthenofitness.com/opengraph-image","summary_large_image","HowTo|Organization","","440","","","34","5",""
"https://www.sthenofitness.com/exercises/banded-row-standing","exercises","200","https://www.sthenofitness.com/exercises/banded-row-standing","index","true","true","Standing Resistance-Band Row Exercise Guide | STHENO Fitness","60","Learn how to perform Standing Resistance-Band Row, which muscles it works, common mistakes, and practical coaching cues.","120","Standing Resistance-Band Row","","","STHENO Fitness | Personalized Fitness Coaching","Your fitness. Handled. Personalized training, nutrition, and coaching that adapts to real life.","https://www.sthenofitness.com/opengraph-image","summary_large_image","HowTo|Organization","","436","","","34","5",""
"https://www.sthenofitness.com/exercises/banded-seated-abduction","exercises","200","https://www.sthenofitness.com/exercises/banded-seated-abduction","index","true","true","Banded Seated Abduction Exercise Guide | STHENO Fitness","55","Learn how to perform Banded Seated Abduction, which muscles it works, common mistakes, and practical coaching cues.","115","Banded Seated Abduction","","","STHENO Fitness | Personalized Fitness Coaching","Your fitness. Handled. Personalized training, nutrition, and coaching that adapts to real life.","https://www.sthenofitness.com/opengraph-image","summary_large_image","HowTo|Organization","","452","","","35","5",""
"https://www.sthenofitness.com/exercises/banded-seated-row","exercises","200","https://www.sthenofitness.com/exercises/banded-seated-row","index","true","true","Banded Seated Row Exercise Guide | STHENO Fitness","49","Learn how to perform Banded Seated Row, which muscles it works, common mistakes, and practical coaching cues.","109","Banded Seated Row","","","STHENO Fitness | Personalized Fitness Coaching","Your fitness. Handled. Personalized training, nutrition, and coaching that adapts to real life.","https://www.sthenofitness.com/opengraph-image","summary_large_image","HowTo|Organization","","452","","","36","5",""
"https://www.sthenofitness.com/exercises/banded-squat","exercises","200","https://www.sthenofitness.com/exercises/banded-squat","index","true","true","Resistance-Band Squat Exercise Guide | STHENO Fitness","53","Learn how to perform Resistance-Band Squat, which muscles it works, common mistakes, and practical coaching cues.","113","Resistance-Band Squat","","","STHENO Fitness | Personalized Fitness Coaching","Your fitness. Handled. Personalized training, nutrition, and coaching that adapts to real life.","https://www.sthenofitness.com/opengraph-image","summary_large_image","HowTo|Organization","","461","","","36","5",""
"https://www.sthenofitness.com/exercises/banded-standing-chest-press","exercises","200","https://www.sthenofitness.com/exercises/banded-standing-chest-press","index","true","true","Banded Standing Chest Press Exercise Guide | STHENO Fitness","59","Learn how to perform Banded Standing Chest Press, which muscles it works, common mistakes, and practical coaching cues.","119","Banded Standing Chest Press","","","STHENO Fitness | Personalized Fitness Coaching","Your fitness. Handled. Personalized training, nutrition, and coaching that adapts to real life.","https://www.sthenofitness.com/opengraph-image","summary_large_image","HowTo|Organization","","449","","","36","5",""
"https://www.sthenofitness.com/exercises/banded-standing-hamstring-curl","exercises","200","https://www.sthenofitness.com/exercises/banded-standing-hamstring-curl","index","true","true","Banded Standing Hamstring Curl Exercise Guide | STHENO Fitness","62","Learn how to perform Banded Standing Hamstring Curl, which muscles it works, common mistakes, and practical coaching cues.","122","Banded Standing Hamstring Curl","","","STHENO Fitness | Personalized Fitness Coaching","Your fitness. Handled. Personalized training, nutrition, and coaching that adapts to real life.","https://www.sthenofitness.com/opengraph-image","summary_large_image","HowTo|Organization","","443","","","36","5",""
"https://www.sthenofitness.com/exercises/banded-standing-hip-abduction","exercises","200","https://www.sthenofitness.com/exercises/banded-standing-hip-abduction","index","true","true","Banded Standing Hip Abduction Exercise Guide | STHENO Fitness","61","Learn how to perform Banded Standing Hip Abduction, which muscles it works, common mistakes, and practical coaching cues.","121","Banded Standing Hip Abduction","","","STHENO Fitness | Personalized Fitness Coaching","Your fitness. Handled. Personalized training, nutrition, and coaching that adapts to real life.","https://www.sthenofitness.com/opengraph-image","summary_large_image","HowTo|Organization","","437","","","35","5",""
"https://www.sthenofitness.com/exercises/banded-straight-arm-pulldown","exercises","200","https://www.sthenofitness.com/exercises/banded-straight-arm-pulldown","index","true","true","Banded Straight-Arm Pulldown Exercise Guide | STHENO Fitness","60","Learn how to perform Banded Straight-Arm Pulldown, which muscles it works, common mistakes, and practical coaching cues.","120","Banded Straight-Arm Pulldown","","","STHENO Fitness | Personalized Fitness Coaching","Your fitness. Handled. Personalized training, nutrition, and coaching that adapts to real life.","https://www.sthenofitness.com/opengraph-image","summary_large_image","HowTo|Organization","","436","","","36","5",""
"https://www.sthenofitness.com/exercises/banded-triceps-pressdown","exercises","200","https://www.sthenofitness.com/exercises/banded-triceps-pressdown","index","true","true","Banded Triceps Pressdown Exercise Guide | STHENO Fitness","56","Learn how to perform Banded Triceps Pressdown, which muscles it works, common mistakes, and practical coaching cues.","116","Banded Triceps Pressdown","","","STHENO Fitness | Personalized Fitness Coaching","Your fitness. Handled. Personalized training, nutrition, and coaching that adapts to real life.","https://www.sthenofitness.com/opengraph-image","summary_large_image","HowTo|Organization","","440","","","36","5",""
"https://www.sthenofitness.com/exercises/barbell-back-squat","exercises","200","https://www.sthenofitness.com/exercises/barbell-back-squat","index","true","true","Barbell Back Squat Exercise Guide | STHENO Fitness","50","Learn how to perform Barbell Back Squat, which muscles it works, common mistakes, and practical coaching cues.","110","Barbell Back Squat","","","STHENO Fitness | Personalized Fitness Coaching","Your fitness. Handled. Personalized training, nutrition, and coaching that adapts to real life.","https://www.sthenofitness.com/opengraph-image","summary_large_image","HowTo|Organization","","392","","","36","5",""
"https://www.sthenofitness.com/exercises/barbell-bench-press","exercises","200","https://www.sthenofitness.com/exercises/barbell-bench-press","index","true","true","Barbell Bench Press Exercise Guide | STHENO Fitness","51","Learn how to perform Barbell Bench Press, which muscles it works, common mistakes, and practical coaching cues.","111","Barbell Bench Press","","","STHENO Fitness | Personalized Fitness Coaching","Your fitness. Handled. Personalized training, nutrition, and coaching that adapts to real life.","https://www.sthenofitness.com/opengraph-image","summary_large_image","HowTo|Organization","","372","","","36","5",""
"https://www.sthenofitness.com/exercises/barbell-bent-over-row","exercises","200","https://www.sthenofitness.com/exercises/barbell-bent-over-row","index","true","true","Barbell Bent-Over Row Exercise Guide | STHENO Fitness","53","Learn how to perform Barbell Bent-Over Row, which muscles it works, common mistakes, and practical coaching cues.","113","Barbell Bent-Over Row","","","STHENO Fitness | Personalized Fitness Coaching","Your fitness. Handled. Personalized training, nutrition, and coaching that adapts to real life.","https://www.sthenofitness.com/opengraph-image","summary_large_image","HowTo|Organization","","441","","","36","5",""
"https://www.sthenofitness.com/exercises/barbell-box-squat","exercises","200","https://www.sthenofitness.com/exercises/barbell-box-squat","index","true","true","Barbell Box Squat Exercise Guide | STHENO Fitness","49","Learn how to perform Barbell Box Squat, which muscles it works, common mistakes, and practical coaching cues.","109","Barbell Box Squat","","","STHENO Fitness | Personalized Fitness Coaching","Your fitness. Handled. Personalized training, nutrition, and coaching that adapts to real life.","https://www.sthenofitness.com/opengraph-image","summary_large_image","HowTo|Organization","","422","","","36","5",""
"https://www.sthenofitness.com/exercises/barbell-bradford-press","exercises","200","https://www.sthenofitness.com/exercises/barbell-bradford-press","index","true","true","Barbell Bradford Press Exercise Guide | STHENO Fitness","54","Learn how to perform Barbell Bradford Press, which muscles it works, common mistakes, and practical coaching cues.","114","Barbell Bradford Press","","","STHENO Fitness | Personalized Fitness Coaching","Your fitness. Handled. Personalized training, nutrition, and coaching that adapts to real life.","https://www.sthenofitness.com/opengraph-image","summary_large_image","HowTo|Organization","","430","","","36","5",""
"https://www.sthenofitness.com/exercises/barbell-bulgarian-split-squat","exercises","200","https://www.sthenofitness.com/exercises/barbell-bulgarian-split-squat","index","true","true","Barbell Bulgarian Split Squat Exercise Guide | STHENO Fitness","61","Learn how to perform Barbell Bulgarian Split Squat, which muscles it works, common mistakes, and practical coaching cues.","121","Barbell Bulgarian Split Squat","","","STHENO Fitness | Personalized Fitness Coaching","Your fitness. Handled. Personalized training, nutrition, and coaching that adapts to real life.","https://www.sthenofitness.com/opengraph-image","summary_large_image","HowTo|Organization","","459","","","36","5",""
"https://www.sthenofitness.com/exercises/barbell-california-press","exercises","200","https://www.sthenofitness.com/exercises/barbell-california-press","index","true","true","California Press Exercise Guide | STHENO Fitness","48","Learn how to perform California Press, which muscles it works, common mistakes, and practical coaching cues.","108","California Press","","","STHENO Fitness | Personalized Fitness Coaching","Your fitness. Handled. Personalized training, nutrition, and coaching that adapts to real life.","https://www.sthenofitness.com/opengraph-image","summary_large_image","HowTo|Organization","","433","","","36","5",""
"https://www.sthenofitness.com/exercises/barbell-curl","exercises","200","https://www.sthenofitness.com/exercises/barbell-curl","index","true","true","Barbell Curl Exercise Guide | STHENO Fitness","44","Learn how to perform Barbell Curl, which muscles it works, common mistakes, and practical coaching cues.","104","Barbell Curl","","","STHENO Fitness | Personalized Fitness Coaching","Your fitness. Handled. Personalized training, nutrition, and coaching that adapts to real life.","https://www.sthenofitness.com/opengraph-image","summary_large_image","HowTo|Organization","","420","","","36","5",""
"https://www.sthenofitness.com/exercises/barbell-curl-narrow-grip","exercises","200","https://www.sthenofitness.com/exercises/barbell-curl-narrow-grip","index","true","true","Barbell Curl Narrow Grip Exercise Guide | STHENO Fitness","56","Learn how to perform Barbell Curl Narrow Grip, which muscles it works, common mistakes, and practical coaching cues.","116","Barbell Curl Narrow Grip","","","STHENO Fitness | Personalized Fitness Coaching","Your fitness. Handled. Personalized training, nutrition, and coaching that adapts to real life.","https://www.sthenofitness.com/opengraph-image","summary_large_image","HowTo|Organization","","444","","","32","5",""
"https://www.sthenofitness.com/exercises/barbell-drag-curl","exercises","200","https://www.sthenofitness.com/exercises/barbell-drag-curl","index","true","true","Barbell Drag Curl Exercise Guide | STHENO Fitness","49","Learn how to perform Barbell Drag Curl, which muscles it works, common mistakes, and practical coaching cues.","109","Barbell Drag Curl","","","STHENO Fitness | Personalized Fitness Coaching","Your fitness. Handled. Personalized training, nutrition, and coaching that adapts to real life.","https://www.sthenofitness.com/opengraph-image","summary_large_image","HowTo|Organization","","433","","","36","5",""
"https://www.sthenofitness.com/exercises/barbell-floor-press","exercises","200","https://www.sthenofitness.com/exercises/barbell-floor-press","index","true","true","Barbell Floor Press Exercise Guide | STHENO Fitness","51","Learn how to perform Barbell Floor Press, which muscles it works, common mistakes, and practical coaching cues.","111","Barbell Floor Press","","","STHENO Fitness | Personalized Fitness Coaching","Your fitness. Handled. Personalized training, nutrition, and coaching that adapts to real life.","https://www.sthenofitness.com/opengraph-image","summary_large_image","HowTo|Organization","","435","","","36","5",""
"https://www.sthenofitness.com/exercises/barbell-front-squat","exercises","200","https://www.sthenofitness.com/exercises/barbell-front-squat","index","true","true","Barbell Front Squat Exercise Guide | STHENO Fitness","51","Learn how to perform Barbell Front Squat, which muscles it works, common mistakes, and practical coaching cues.","111","Barbell Front Squat","","","STHENO Fitness | Personalized Fitness Coaching","Your fitness. Handled. Personalized training, nutrition, and coaching that adapts to real life.","https://www.sthenofitness.com/opengraph-image","summary_large_image","HowTo|Organization","","442","","","36","5",""
"https://www.sthenofitness.com/exercises/barbell-glute-bridge","exercises","200","https://www.sthenofitness.com/exercises/barbell-glute-bridge","index","true","true","Barbell Glute Bridge Exercise Guide | STHENO Fitness","52","Learn how to perform Barbell Glute Bridge, which muscles it works, common mistakes, and practical coaching cues.","112","Barbell Glute Bridge","","","STHENO Fitness | Personalized Fitness Coaching","Your fitness. Handled. Personalized training, nutrition, and coaching that adapts to real life.","https://www.sthenofitness.com/opengraph-image","summary_large_image","HowTo|Organization","","434","","","36","5",""
"https://www.sthenofitness.com/exercises/barbell-good-morning","exercises","200","https://www.sthenofitness.com/exercises/barbell-good-morning","index","true","true","Barbell Good Morning Exercise Guide | STHENO Fitness","52","Learn how to perform Barbell Good Morning, which muscles it works, common mistakes, and practical coaching cues.","112","Barbell Good Morning","","","STHENO Fitness | Personalized Fitness Coaching","Your fitness. Handled. Personalized training, nutrition, and coaching that adapts to real life.","https://www.sthenofitness.com/opengraph-image","summary_large_image","HowTo|Organization","","439","","","36","5",""
"https://www.sthenofitness.com/exercises/barbell-hip-thrust-pause","exercises","200","https://www.sthenofitness.com/exercises/barbell-hip-thrust-pause","index","true","true","Paused Barbell Hip Thrust Exercise Guide | STHENO Fitness","57","Learn how to perform Paused Barbell Hip Thrust, which muscles it works, common mistakes, and practical coaching cues.","117","Paused Barbell Hip Thrust","","","STHENO Fitness | Personalized Fitness Coaching","Your fitness. Handled. Personalized training, nutrition, and coaching that adapts to real life.","https://www.sthenofitness.com/opengraph-image","summary_large_image","HowTo|Organization","","436","","","36","5",""
"https://www.sthenofitness.com/exercises/barbell-hold","exercises","200","https://www.sthenofitness.com/exercises/barbell-hold","index","true","true","Barbell Hold Exercise Guide | STHENO Fitness","44","Learn how to perform Barbell Hold, which muscles it works, common mistakes, and practical coaching cues.","104","Barbell Hold","","","STHENO Fitness | Personalized Fitness Coaching","Your fitness. Handled. Personalized training, nutrition, and coaching that adapts to real life.","https://www.sthenofitness.com/opengraph-image","summary_large_image","HowTo|Organization","","470","","","30","5",""
"https://www.sthenofitness.com/exercises/barbell-inverted-shrug","exercises","200","https://www.sthenofitness.com/exercises/barbell-inverted-shrug","index","true","true","Barbell Overhead Shrug Exercise Guide | STHENO Fitness","54","Learn how to perform Barbell Overhead Shrug, which muscles it works, common mistakes, and practical coaching cues.","114","Barbell Overhead Shrug","","","STHENO Fitness | Personalized Fitness Coaching","Your fitness. Handled. Personalized training, nutrition, and coaching that adapts to real life.","https://www.sthenofitness.com/opengraph-image","summary_large_image","HowTo|Organization","","435","","","36","5",""
"https://www.sthenofitness.com/exercises/barbell-jm-press","exercises","200","https://www.sthenofitness.com/exercises/barbell-jm-press","index","true","true","Barbell JM Press Exercise Guide | STHENO Fitness","48","Learn how to perform Barbell JM Press, which muscles it works, common mistakes, and practical coaching cues.","108","Barbell JM Press","","","STHENO Fitness | Personalized Fitness Coaching","Your fitness. Handled. Personalized training, nutrition, and coaching that adapts to real life.","https://www.sthenofitness.com/opengraph-image","summary_large_image","HowTo|Organization","","441","","","36","5",""
"https://www.sthenofitness.com/exercises/barbell-lateral-lunge","exercises","200","https://www.sthenofitness.com/exercises/barbell-lateral-lunge","index","true","true","Barbell Lateral Lunge Exercise Guide | STHENO Fitness","53","Learn how to perform Barbell Lateral Lunge, which muscles it works, common mistakes, and practical coaching cues.","113","Barbell Lateral Lunge","","","STHENO Fitness | Personalized Fitness Coaching","Your fitness. Handled. Personalized training, nutrition, and coaching that adapts to real life.","https://www.sthenofitness.com/opengraph-image","summary_large_image","HowTo|Organization","","434","","","36","5",""
"https://www.sthenofitness.com/exercises/barbell-march","exercises","200","https://www.sthenofitness.com/exercises/barbell-march","index","true","true","Barbell March Exercise Guide | STHENO Fitness","45","Learn how to perform Barbell March, which muscles it works, common mistakes, and practical coaching cues.","105","Barbell March","","","STHENO Fitness | Personalized Fitness Coaching","Your fitness. Handled. Personalized training, nutrition, and coaching that adapts to real life.","https://www.sthenofitness.com/opengraph-image","summary_large_image","HowTo|Organization","","494","","","36","5",""
"https://www.sthenofitness.com/exercises/barbell-march-standing","exercises","200","https://www.sthenofitness.com/exercises/barbell-march-standing","index","true","true","Barbell March Standing Exercise Guide | STHENO Fitness","54","Learn how to perform Barbell March Standing, which muscles it works, common mistakes, and practical coaching cues.","114","Barbell March Standing","","","STHENO Fitness | Personalized Fitness Coaching","Your fitness. Handled. Personalized training, nutrition, and coaching that adapts to real life.","https://www.sthenofitness.com/opengraph-image","summary_large_image","HowTo|Organization","","449","","","35","5",""
"https://www.sthenofitness.com/exercises/barbell-overhead-press","exercises","200","https://www.sthenofitness.com/exercises/barbell-overhead-press","index","true","true","Standing Barbell Overhead Press Exercise Guide | STHENO Fitness","63","Learn how to perform Standing Barbell Overhead Press, which muscles it works, common mistakes, and practical coaching cues.","123","Standing Barbell Overhead Press","","","STHENO Fitness | Personalized Fitness Coaching","Your fitness. Handled. Personalized training, nutrition, and coaching that adapts to real life.","https://www.sthenofitness.com/opengraph-image","summary_large_image","HowTo|Organization","","443","","","33","5",""
"https://www.sthenofitness.com/exercises/barbell-pin-press-overhead","exercises","200","https://www.sthenofitness.com/exercises/barbell-pin-press-overhead","index","true","true","Barbell Overhead Pin Press Exercise Guide | STHENO Fitness","58","Learn how to perform Barbell Overhead Pin Press, which muscles it works, common mistakes, and practical coaching cues.","118","Barbell Overhead Pin Press","","","STHENO Fitness | Personalized Fitness Coaching","Your fitness. Handled. Personalized training, nutrition, and coaching that adapts to real life.","https://www.sthenofitness.com/opengraph-image","summary_large_image","HowTo|Organization","","425","","","32","5",""
"https://www.sthenofitness.com/exercises/barbell-pin-squat","exercises","200","https://www.sthenofitness.com/exercises/barbell-pin-squat","index","true","true","Barbell Pin Squat Exercise Guide | STHENO Fitness","49","Learn how to perform Barbell Pin Squat, which muscles it works, common mistakes, and practical coaching cues.","109","Barbell Pin Squat","","","STHENO Fitness | Personalized Fitness Coaching","Your fitness. Handled. Personalized training, nutrition, and coaching that adapts to real life.","https://www.sthenofitness.com/opengraph-image","summary_large_image","HowTo|Organization","","431","","","36","5",""
"https://www.sthenofitness.com/exercises/barbell-preacher-curl","exercises","200","https://www.sthenofitness.com/exercises/barbell-preacher-curl","index","true","true","Barbell Preacher Curl Exercise Guide | STHENO Fitness","53","Learn how to perform Barbell Preacher Curl, which muscles it works, common mistakes, and practical coaching cues.","113","Barbell Preacher Curl","","","STHENO Fitness | Personalized Fitness Coaching","Your fitness. Handled. Personalized training, nutrition, and coaching that adapts to real life.","https://www.sthenofitness.com/opengraph-image","summary_large_image","HowTo|Organization","","436","","","36","5",""
"https://www.sthenofitness.com/exercises/barbell-push-press","exercises","200","https://www.sthenofitness.com/exercises/barbell-push-press","index","true","true","Barbell Push Press Exercise Guide | STHENO Fitness","50","Learn how to perform Barbell Push Press, which muscles it works, common mistakes, and practical coaching cues.","110","Barbell Push Press","","","STHENO Fitness | Personalized Fitness Coaching","Your fitness. Handled. Personalized training, nutrition, and coaching that adapts to real life.","https://www.sthenofitness.com/opengraph-image","summary_large_image","HowTo|Organization","","421","","","32","5",""
"https://www.sthenofitness.com/exercises/barbell-rack-pull","exercises","200","https://www.sthenofitness.com/exercises/barbell-rack-pull","index","true","true","Barbell Rack Pull Exercise Guide | STHENO Fitness","49","Learn how to perform Barbell Rack Pull, which muscles it works, common mistakes, and practical coaching cues.","109","Barbell Rack Pull","","","STHENO Fitness | Personalized Fitness Coaching","Your fitness. Handled. Personalized training, nutrition, and coaching that adapts to real life.","https://www.sthenofitness.com/opengraph-image","summary_large_image","HowTo|Organization","","429","","","36","5",""
"https://www.sthenofitness.com/exercises/barbell-rdl","exercises","200","https://www.sthenofitness.com/exercises/barbell-rdl","index","true","true","Barbell Romanian Deadlift Exercise Guide | STHENO Fitness","57","Learn how to perform Barbell Romanian Deadlift, which muscles it works, common mistakes, and practical coaching cues.","117","Barbell Romanian Deadlift","","","STHENO Fitness | Personalized Fitness Coaching","Your fitness. Handled. Personalized training, nutrition, and coaching that adapts to real life.","https://www.sthenofitness.com/opengraph-image","summary_large_image","HowTo|Organization","","386","","","36","5",""
"https://www.sthenofitness.com/exercises/barbell-reverse-curl","exercises","200","https://www.sthenofitness.com/exercises/barbell-reverse-curl","index","true","true","Barbell Reverse Curl Exercise Guide | STHENO Fitness","52","Learn how to perform Barbell Reverse Curl, which muscles it works, common mistakes, and practical coaching cues.","112","Barbell Reverse Curl","","","STHENO Fitness | Personalized Fitness Coaching","Your fitness. Handled. Personalized training, nutrition, and coaching that adapts to real life.","https://www.sthenofitness.com/opengraph-image","summary_large_image","HowTo|Organization","","428","","","36","5",""
"https://www.sthenofitness.com/exercises/barbell-reverse-lunge","exercises","200","https://www.sthenofitness.com/exercises/barbell-reverse-lunge","index","true","true","Barbell Reverse Lunge Exercise Guide | STHENO Fitness","53","Learn how to perform Barbell Reverse Lunge, which muscles it works, common mistakes, and practical coaching cues.","113","Barbell Reverse Lunge","","","STHENO Fitness | Personalized Fitness Coaching","Your fitness. Handled. Personalized training, nutrition, and coaching that adapts to real life.","https://www.sthenofitness.com/opengraph-image","summary_large_image","HowTo|Organization","","423","","","36","5",""
"https://www.sthenofitness.com/exercises/barbell-reverse-lunges","exercises","200","https://www.sthenofitness.com/exercises/barbell-reverse-lunges","index","true","true","Barbell Reverse Lunges Exercise Guide | STHENO Fitness","54","Learn how to perform Barbell Reverse Lunges, which muscles it works, common mistakes, and practical coaching cues.","114","Barbell Reverse Lunges","","","STHENO Fitness | Personalized Fitness Coaching","Your fitness. Handled. Personalized training, nutrition, and coaching that adapts to real life.","https://www.sthenofitness.com/opengraph-image","summary_large_image","HowTo|Organization","","483","","","36","5",""
"https://www.sthenofitness.com/exercises/barbell-reverse-wrist-curl","exercises","200","https://www.sthenofitness.com/exercises/barbell-reverse-wrist-curl","index","true","true","Barbell Reverse Wrist Curl Exercise Guide | STHENO Fitness","58","Learn how to perform Barbell Reverse Wrist Curl, which muscles it works, common mistakes, and practical coaching cues.","118","Barbell Reverse Wrist Curl","","","STHENO Fitness | Personalized Fitness Coaching","Your fitness. Handled. Personalized training, nutrition, and coaching that adapts to real life.","https://www.sthenofitness.com/opengraph-image","summary_large_image","HowTo|Organization","","437","","","36","5",""
"https://www.sthenofitness.com/exercises/barbell-rolling-triceps-extension","exercises","200","https://www.sthenofitness.com/exercises/barbell-rolling-triceps-extension","index","true","true","Barbell Rolling Triceps Extension Exercise Guide | STHENO Fitness","65","Learn how to perform Barbell Rolling Triceps Extension, which muscles it works, common mistakes, and practical coaching cues.","125","Barbell Rolling Triceps Extension","","","STHENO Fitness | Personalized Fitness Coaching","Your fitness. Handled. Personalized training, nutrition, and coaching that adapts to real life.","https://www.sthenofitness.com/opengraph-image","summary_large_image","HowTo|Organization","","435","","","36","5",""
"https://www.sthenofitness.com/exercises/barbell-single-leg-hip-thrust","exercises","200","https://www.sthenofitness.com/exercises/barbell-single-leg-hip-thrust","index","true","true","Barbell Single-Leg Hip Thrust Exercise Guide | STHENO Fitness","61","Learn how to perform Barbell Single-Leg Hip Thrust, which muscles it works, common mistakes, and practical coaching cues.","121","Barbell Single-Leg Hip Thrust","","","STHENO Fitness | Personalized Fitness Coaching","Your fitness. Handled. Personalized training, nutrition, and coaching that adapts to real life.","https://www.sthenofitness.com/opengraph-image","summary_large_image","HowTo|Organization","","441","","","36","5",""
"https://www.sthenofitness.com/exercises/barbell-spider-curl","exercises","200","https://www.sthenofitness.com/exercises/barbell-spider-curl","index","true","true","Barbell Spider Curl Exercise Guide | STHENO Fitness","51","Learn how to perform Barbell Spider Curl, which muscles it works, common mistakes, and practical coaching cues.","111","Barbell Spider Curl","","","STHENO Fitness | Personalized Fitness Coaching","Your fitness. Handled. Personalized training, nutrition, and coaching that adapts to real life.","https://www.sthenofitness.com/opengraph-image","summary_large_image","HowTo|Organization","","433","","","36","5",""
"https://www.sthenofitness.com/exercises/barbell-step-up","exercises","200","https://www.sthenofitness.com/exercises/barbell-step-up","index","true","true","Barbell Step-Up Exercise Guide | STHENO Fitness","47","Learn how to perform Barbell Step-Up, which muscles it works, common mistakes, and practical coaching cues.","107","Barbell Step-Up","","","STHENO Fitness | Personalized Fitness Coaching","Your fitness. Handled. Personalized training, nutrition, and coaching that adapts to real life.","https://www.sthenofitness.com/opengraph-image","summary_large_image","HowTo|Organization","","432","","","36","5",""
"https://www.sthenofitness.com/exercises/barbell-upright-row","exercises","200","https://www.sthenofitness.com/exercises/barbell-upright-row","index","true","true","Barbell Upright Row Exercise Guide | STHENO Fitness","51","Learn how to perform Barbell Upright Row, which muscles it works, common mistakes, and practical coaching cues.","111","Barbell Upright Row","","","STHENO Fitness | Personalized Fitness Coaching","Your fitness. Handled. Personalized training, nutrition, and coaching that adapts to real life.","https://www.sthenofitness.com/opengraph-image","summary_large_image","HowTo|Organization","","503","","","36","5",""
"https://www.sthenofitness.com/exercises/barbell-wrist-curl","exercises","200","https://www.sthenofitness.com/exercises/barbell-wrist-curl","index","true","true","Barbell Wrist Curl Exercise Guide | STHENO Fitness","50","Learn how to perform Barbell Wrist Curl, which muscles it works, common mistakes, and practical coaching cues.","110","Barbell Wrist Curl","","","STHENO Fitness | Personalized Fitness Coaching","Your fitness. Handled. Personalized training, nutrition, and coaching that adapts to real life.","https://www.sthenofitness.com/opengraph-image","summary_large_image","HowTo|Organization","","433","","","36","5",""
"https://www.sthenofitness.com/exercises/barbell-z-press","exercises","200","https://www.sthenofitness.com/exercises/barbell-z-press","index","true","true","Barbell Z Press Exercise Guide | STHENO Fitness","47","Learn how to perform Barbell Z Press, which muscles it works, common mistakes, and practical coaching cues.","107","Barbell Z Press","","","STHENO Fitness | Personalized Fitness Coaching","Your fitness. Handled. Personalized training, nutrition, and coaching that adapts to real life.","https://www.sthenofitness.com/opengraph-image","summary_large_image","HowTo|Organization","","431","","","36","5",""
"https://www.sthenofitness.com/exercises/bayesian-cable-curl","exercises","200","https://www.sthenofitness.com/exercises/bayesian-cable-curl","index","true","true","Bayesian Cable Curl Exercise Guide | STHENO Fitness","51","Learn how to perform Bayesian Cable Curl, which muscles it works, common mistakes, and practical coaching cues.","111","Bayesian Cable Curl","","","STHENO Fitness | Personalized Fitness Coaching","Your fitness. Handled. Personalized training, nutrition, and coaching that adapts to real life.","https://www.sthenofitness.com/opengraph-image","summary_large_image","HowTo|Organization","","433","","","36","5",""
"https://www.sthenofitness.com/exercises/bear-crawl","exercises","200","https://www.sthenofitness.com/exercises/bear-crawl","index","true","true","Bear Crawl Exercise Guide | STHENO Fitness","42","Learn how to perform Bear Crawl, which muscles it works, common mistakes, and practical coaching cues.","102","Bear Crawl","","","STHENO Fitness | Personalized Fitness Coaching","Your fitness. Handled. Personalized training, nutrition, and coaching that adapts to real life.","https://www.sthenofitness.com/opengraph-image","summary_large_image","HowTo|Organization","","448","","","34","5",""
"https://www.sthenofitness.com/exercises/bear-hug-dumbbell-carry","exercises","200","https://www.sthenofitness.com/exercises/bear-hug-dumbbell-carry","index","true","true","Bear-Hug Dumbbell Carry Exercise Guide | STHENO Fitness","55","Learn how to perform Bear-Hug Dumbbell Carry, which muscles it works, common mistakes, and practical coaching cues.","115","Bear-Hug Dumbbell Carry","","","STHENO Fitness | Personalized Fitness Coaching","Your fitness. Handled. Personalized training, nutrition, and coaching that adapts to real life.","https://www.sthenofitness.com/opengraph-image","summary_large_image","HowTo|Organization","","422","","","34","5",""
"https://www.sthenofitness.com/exercises/belt-squat","exercises","200","https://www.sthenofitness.com/exercises/belt-squat","index","true","true","Belt Squat Exercise Guide | STHENO Fitness","42","Learn how to perform Belt Squat, which muscles it works, common mistakes, and practical coaching cues.","102","Belt Squat","","","STHENO Fitness | Personalized Fitness Coaching","Your fitness. Handled. Personalized training, nutrition, and coaching that adapts to real life.","https://www.sthenofitness.com/opengraph-image","summary_large_image","HowTo|Organization","","420","","","36","5",""
"https://www.sthenofitness.com/exercises/bench-triceps-dip-feet-assisted","exercises","200","https://www.sthenofitness.com/exercises/bench-triceps-dip-feet-assisted","index","true","true","Feet-Assisted Bench Dip Exercise Guide | STHENO Fitness","55","Learn how to perform Feet-Assisted Bench Dip, which muscles it works, common mistakes, and practical coaching cues.","115","Feet-Assisted Bench Dip","","","STHENO Fitness | Personalized Fitness Coaching","Your fitness. Handled. Personalized training, nutrition, and coaching that adapts to real life.","https://www.sthenofitness.com/opengraph-image","summary_large_image","HowTo|Organization","","446","","","36","5",""
"https://www.sthenofitness.com/exercises/bent-over-dumbbell-reverse-fly","exercises","200","https://www.sthenofitness.com/exercises/bent-over-dumbbell-reverse-fly","index","true","true","Bent-Over Dumbbell Reverse Fly Exercise Guide | STHENO Fitness","62","Learn how to perform Bent-Over Dumbbell Reverse Fly, which muscles it works, common mistakes, and practical coaching cues.","122","Bent-Over Dumbbell Reverse Fly","","","STHENO Fitness | Personalized Fitness Coaching","Your fitness. Handled. Personalized training, nutrition, and coaching that adapts to real life.","https://www.sthenofitness.com/opengraph-image","summary_large_image","HowTo|Organization","","431","","","36","5",""
"https://www.sthenofitness.com/exercises/bicycle-crunches","exercises","200","https://www.sthenofitness.com/exercises/bicycle-crunches","index","true","true","Bicycle Crunches Exercise Guide | STHENO Fitness","48","Learn how to perform Bicycle Crunches, which muscles it works, common mistakes, and practical coaching cues.","108","Bicycle Crunches","","","STHENO Fitness | Personalized Fitness Coaching","Your fitness. Handled. Personalized training, nutrition, and coaching that adapts to real life.","https://www.sthenofitness.com/opengraph-image","summary_large_image","HowTo|Organization","","496","","","36","5",""
"https://www.sthenofitness.com/exercises/bird-dog","exercises","200","https://www.sthenofitness.com/exercises/bird-dog","index","true","true","Bird Dog Exercise Guide | STHENO Fitness","40","Learn how to perform Bird Dog, which muscles it works, common mistakes, and practical coaching cues.","100","Bird Dog","","","STHENO Fitness | Personalized Fitness Coaching","Your fitness. Handled. Personalized training, nutrition, and coaching that adapts to real life.","https://www.sthenofitness.com/opengraph-image","summary_large_image","HowTo|Organization","","454","","","36","5",""
"https://www.sthenofitness.com/exercises/bird-dog-advanced-both-hands-raise","exercises","200","https://www.sthenofitness.com/exercises/bird-dog-advanced-both-hands-raise","index","true","true","Bird Dog Advanced (Both Hands Raise) Exercise Guide | STHENO Fitness","68","Learn how to perform Bird Dog Advanced (Both Hands Raise), which muscles it works, common mistakes, and practical coaching cues.","128","Bird Dog Advanced (Both Hands Raise)","","","STHENO Fitness | Personalized Fitness Coaching","Your fitness. Handled. Personalized training, nutrition, and coaching that adapts to real life.","https://www.sthenofitness.com/opengraph-image","summary_large_image","HowTo|Organization","","525","","","36","5",""
"https://www.sthenofitness.com/exercises/bodyweight-bicycle-crunch-controlled","exercises","200","https://www.sthenofitness.com/exercises/bodyweight-bicycle-crunch-controlled","index","true","true","Controlled Bicycle Crunch Exercise Guide | STHENO Fitness","57","Learn how to perform Controlled Bicycle Crunch, which muscles it works, common mistakes, and practical coaching cues.","117","Controlled Bicycle Crunch","","","STHENO Fitness | Personalized Fitness Coaching","Your fitness. Handled. Personalized training, nutrition, and coaching that adapts to real life.","https://www.sthenofitness.com/opengraph-image","summary_large_image","HowTo|Organization","","437","","","36","5",""
"https://www.sthenofitness.com/exercises/bodyweight-box-squat","exercises","200","https://www.sthenofitness.com/exercises/bodyweight-box-squat","index","true","true","Bodyweight Box Squat Exercise Guide | STHENO Fitness","52","Learn how to perform Bodyweight Box Squat, which muscles it works, common mistakes, and practical coaching cues.","112","Bodyweight Box Squat","","","STHENO Fitness | Personalized Fitness Coaching","Your fitness. Handled. Personalized training, nutrition, and coaching that adapts to real life.","https://www.sthenofitness.com/opengraph-image","summary_large_image","HowTo|Organization","","442","","","36","5",""
"https://www.sthenofitness.com/exercises/bodyweight-calf-raise","exercises","200","https://www.sthenofitness.com/exercises/bodyweight-calf-raise","index","true","true","Bodyweight Calf Raise Exercise Guide | STHENO Fitness","53","Learn how to perform Bodyweight Calf Raise, which muscles it works, common mistakes, and practical coaching cues.","113","Bodyweight Calf Raise","","","STHENO Fitness | Personalized Fitness Coaching","Your fitness. Handled. Personalized training, nutrition, and coaching that adapts to real life.","https://www.sthenofitness.com/opengraph-image","summary_large_image","HowTo|Organization","","439","","","36","5",""
"https://www.sthenofitness.com/exercises/bodyweight-hip-hinge","exercises","200","https://www.sthenofitness.com/exercises/bodyweight-hip-hinge","index","true","true","Bodyweight Hip Hinge Exercise Guide | STHENO Fitness","52","Learn how to perform Bodyweight Hip Hinge, which muscles it works, common mistakes, and practical coaching cues.","112","Bodyweight Hip Hinge","","","STHENO Fitness | Personalized Fitness Coaching","Your fitness. Handled. Personalized training, nutrition, and coaching that adapts to real life.","https://www.sthenofitness.com/opengraph-image","summary_large_image","HowTo|Organization","","442","","","36","5",""
"https://www.sthenofitness.com/exercises/bodyweight-lateral-lunge","exercises","200","https://www.sthenofitness.com/exercises/bodyweight-lateral-lunge","index","true","true","Bodyweight Lateral Lunge Exercise Guide | STHENO Fitness","56","Learn how to perform Bodyweight Lateral Lunge, which muscles it works, common mistakes, and practical coaching cues.","116","Bodyweight Lateral Lunge","","","STHENO Fitness | Personalized Fitness Coaching","Your fitness. Handled. Personalized training, nutrition, and coaching that adapts to real life.","https://www.sthenofitness.com/opengraph-image","summary_large_image","HowTo|Organization","","460","","","36","5",""
"https://www.sthenofitness.com/exercises/bodyweight-mountain-climber-slow","exercises","200","https://www.sthenofitness.com/exercises/bodyweight-mountain-climber-slow","index","true","true","Slow Mountain Climber Exercise Guide | STHENO Fitness","53","Learn how to perform Slow Mountain Climber, which muscles it works, common mistakes, and practical coaching cues.","113","Slow Mountain Climber","","","STHENO Fitness | Personalized Fitness Coaching","Your fitness. Handled. Personalized training, nutrition, and coaching that adapts to real life.","https://www.sthenofitness.com/opengraph-image","summary_large_image","HowTo|Organization","","440","","","36","5",""
"https://www.sthenofitness.com/exercises/bodyweight-pause-squat","exercises","200","https://www.sthenofitness.com/exercises/bodyweight-pause-squat","index","true","true","Bodyweight Pause Squat Exercise Guide | STHENO Fitness","54","Learn how to perform Bodyweight Pause Squat, which muscles it works, common mistakes, and practical coaching cues.","114","Bodyweight Pause Squat","","","STHENO Fitness | Personalized Fitness Coaching","Your fitness. Handled. Personalized training, nutrition, and coaching that adapts to real life.","https://www.sthenofitness.com/opengraph-image","summary_large_image","HowTo|Organization","","439","","","36","5",""
"https://www.sthenofitness.com/exercises/bodyweight-reverse-lunge","exercises","200","https://www.sthenofitness.com/exercises/bodyweight-reverse-lunge","index","true","true","Bodyweight Reverse Lunge Exercise Guide | STHENO Fitness","56","Learn how to perform Bodyweight Reverse Lunge, which muscles it works, common mistakes, and practical coaching cues.","116","Bodyweight Reverse Lunge","","","STHENO Fitness | Personalized Fitness Coaching","Your fitness. Handled. Personalized training, nutrition, and coaching that adapts to real life.","https://www.sthenofitness.com/opengraph-image","summary_large_image","HowTo|Organization","","437","","","36","5",""
"https://www.sthenofitness.com/exercises/bodyweight-single-leg-box-squat","exercises","200","https://www.sthenofitness.com/exercises/bodyweight-single-leg-box-squat","index","true","true","Assisted Single-Leg Box Squat Exercise Guide | STHENO Fitness","61","Learn how to perform Assisted Single-Leg Box Squat, which muscles it works, common mistakes, and practical coaching cues.","121","Assisted Single-Leg Box Squat","","","STHENO Fitness | Personalized Fitness Coaching","Your fitness. Handled. Personalized training, nutrition, and coaching that adapts to real life.","https://www.sthenofitness.com/opengraph-image","summary_large_image","HowTo|Organization","","448","","","36","5",""
"https://www.sthenofitness.com/exercises/bodyweight-split-squat","exercises","200","https://www.sthenofitness.com/exercises/bodyweight-split-squat","index","true","true","Bodyweight Split Squat Exercise Guide | STHENO Fitness","54","Learn how to perform Bodyweight Split Squat, which muscles it works, common mistakes, and practical coaching cues.","114","Bodyweight Split Squat","","","STHENO Fitness | Personalized Fitness Coaching","Your fitness. Handled. Personalized training, nutrition, and coaching that adapts to real life.","https://www.sthenofitness.com/opengraph-image","summary_large_image","HowTo|Organization","","437","","","36","5",""
"https://www.sthenofitness.com/exercises/bodyweight-step-up","exercises","200","https://www.sthenofitness.com/exercises/bodyweight-step-up","index","true","true","Bodyweight Step-Up Exercise Guide | STHENO Fitness","50","Learn how to perform Bodyweight Step-Up, which muscles it works, common mistakes, and practical coaching cues.","110","Bodyweight Step-Up","","","STHENO Fitness | Personalized Fitness Coaching","Your fitness. Handled. Personalized training, nutrition, and coaching that adapts to real life.","https://www.sthenofitness.com/opengraph-image","summary_large_image","HowTo|Organization","","445","","","36","5",""
"https://www.sthenofitness.com/exercises/bodyweight-superman-pull","exercises","200","https://www.sthenofitness.com/exercises/bodyweight-superman-pull","index","true","true","Superman Pull Exercise Guide | STHENO Fitness","45","Learn how to perform Superman Pull, which muscles it works, common mistakes, and practical coaching cues.","105","Superman Pull","","","STHENO Fitness | Personalized Fitness Coaching","Your fitness. Handled. Personalized training, nutrition, and coaching that adapts to real life.","https://www.sthenofitness.com/opengraph-image","summary_large_image","HowTo|Organization","","433","","","36","5",""
"https://www.sthenofitness.com/exercises/bodyweight-tempo-squat","exercises","200","https://www.sthenofitness.com/exercises/bodyweight-tempo-squat","index","true","true","Bodyweight Tempo Squat Exercise Guide | STHENO Fitness","54","Learn how to perform Bodyweight Tempo Squat, which muscles it works, common mistakes, and practical coaching cues.","114","Bodyweight Tempo Squat","","","STHENO Fitness | Personalized Fitness Coaching","Your fitness. Handled. Personalized training, nutrition, and coaching that adapts to real life.","https://www.sthenofitness.com/opengraph-image","summary_large_image","HowTo|Organization","","435","","","36","5",""
"https://www.sthenofitness.com/exercises/box-jump","exercises","200","https://www.sthenofitness.com/exercises/box-jump","index","true","true","Box Jump Exercise Guide | STHENO Fitness","40","Learn how to perform Box Jump, which muscles it works, common mistakes, and practical coaching cues.","100","Box Jump","","","STHENO Fitness | Personalized Fitness Coaching","Your fitness. Handled. Personalized training, nutrition, and coaching that adapts to real life.","https://www.sthenofitness.com/opengraph-image","summary_large_image","HowTo|Organization","","438","","","36","5",""
"https://www.sthenofitness.com/exercises/bridge-pose-wheel-prep-bridge","exercises","200","https://www.sthenofitness.com/exercises/bridge-pose-wheel-prep-bridge","index","true","true","Bridge Pose - Wheel Prep Bridge Exercise Guide | STHENO Fitness","63","Learn how to perform Bridge Pose - Wheel Prep Bridge, which muscles it works, common mistakes, and practical coaching cues.","123","Bridge Pose - Wheel Prep Bridge","","","STHENO Fitness | Personalized Fitness Coaching","Your fitness. Handled. Personalized training, nutrition, and coaching that adapts to real life.","https://www.sthenofitness.com/opengraph-image","summary_large_image","HowTo|Organization","","515","","","36","5",""
"https://www.sthenofitness.com/exercises/burpee","exercises","200","https://www.sthenofitness.com/exercises/burpee","index","true","true","Burpee Exercise Guide | STHENO Fitness","38","Learn how to perform Burpee, which muscles it works, common mistakes, and practical coaching cues.","98","Burpee","","","STHENO Fitness | Personalized Fitness Coaching","Your fitness. Handled. Personalized training, nutrition, and coaching that adapts to real life.","https://www.sthenofitness.com/opengraph-image","summary_large_image","HowTo|Organization","","503","","","36","5",""
"https://www.sthenofitness.com/exercises/butt-kick","exercises","200","https://www.sthenofitness.com/exercises/butt-kick","index","true","true","Butt Kick Exercise Guide | STHENO Fitness","41","Learn how to perform Butt Kick, which muscles it works, common mistakes, and practical coaching cues.","101","Butt Kick","","","STHENO Fitness | Personalized Fitness Coaching","Your fitness. Handled. Personalized training, nutrition, and coaching that adapts to real life.","https://www.sthenofitness.com/opengraph-image","summary_large_image","HowTo|Organization","","504","","","36","5",""
"https://www.sthenofitness.com/exercises/butt-kick-jog-cardio","exercises","200","https://www.sthenofitness.com/exercises/butt-kick-jog-cardio","index","true","true","Butt Kick Jog Cardio Exercise Guide | STHENO Fitness","52","Learn how to perform Butt Kick Jog Cardio, which muscles it works, common mistakes, and practical coaching cues.","112","Butt Kick Jog Cardio","","","STHENO Fitness | Personalized Fitness Coaching","Your fitness. Handled. Personalized training, nutrition, and coaching that adapts to real life.","https://www.sthenofitness.com/opengraph-image","summary_large_image","HowTo|Organization","","516","","","36","5",""
"https://www.sthenofitness.com/exercises/cable-behind-body-lateral-raise","exercises","200","https://www.sthenofitness.com/exercises/cable-behind-body-lateral-raise","index","true","true","Behind-Body Cable Lateral Raise Exercise Guide | STHENO Fitness","63","Learn how to perform Behind-Body Cable Lateral Raise, which muscles it works, common mistakes, and practical coaching cues.","123","Behind-Body Cable Lateral Raise","","","STHENO Fitness | Personalized Fitness Coaching","Your fitness. Handled. Personalized training, nutrition, and coaching that adapts to real life.","https://www.sthenofitness.com/opengraph-image","summary_large_image","HowTo|Organization","","436","","","36","5",""
"https://www.sthenofitness.com/exercises/cable-biceps-curl","exercises","200","https://www.sthenofitness.com/exercises/cable-biceps-curl","index","true","true","Cable Biceps Curl Exercise Guide | STHENO Fitness","49","Learn how to perform Cable Biceps Curl, which muscles it works, common mistakes, and practical coaching cues.","109","Cable Biceps Curl","","","STHENO Fitness | Personalized Fitness Coaching","Your fitness. Handled. Personalized training, nutrition, and coaching that adapts to real life.","https://www.sthenofitness.com/opengraph-image","summary_large_image","HowTo|Organization","","430","","","36","5",""
"https://www.sthenofitness.com/exercises/cable-chest-press","exercises","200","https://www.sthenofitness.com/exercises/cable-chest-press","index","true","true","Standing Cable Chest Press Exercise Guide | STHENO Fitness","58","Learn how to perform Standing Cable Chest Press, which muscles it works, common mistakes, and practical coaching cues.","118","Standing Cable Chest Press","","","STHENO Fitness | Personalized Fitness Coaching","Your fitness. Handled. Personalized training, nutrition, and coaching that adapts to real life.","https://www.sthenofitness.com/opengraph-image","summary_large_image","HowTo|Organization","","423","","","36","5",""
"https://www.sthenofitness.com/exercises/cable-cross-body-lateral-raise","exercises","200","https://www.sthenofitness.com/exercises/cable-cross-body-lateral-raise","index","true","true","Cross-Body Cable Lateral Raise Exercise Guide | STHENO Fitness","62","Learn how to perform Cross-Body Cable Lateral Raise, which muscles it works, common mistakes, and practical coaching cues.","122","Cross-Body Cable Lateral Raise","","","STHENO Fitness | Personalized Fitness Coaching","Your fitness. Handled. Personalized training, nutrition, and coaching that adapts to real life.","https://www.sthenofitness.com/opengraph-image","summary_large_image","HowTo|Organization","","457","","","36","5",""
"https://www.sthenofitness.com/exercises/cable-cross-body-rear-delt-fly","exercises","200","https://www.sthenofitness.com/exercises/cable-cross-body-rear-delt-fly","index","true","true","Cross-Body Cable Rear-Delt Fly Exercise Guide | STHENO Fitness","62","Learn how to perform Cross-Body Cable Rear-Delt Fly, which muscles it works, common mistakes, and practical coaching cues.","122","Cross-Body Cable Rear-Delt Fly","","","STHENO Fitness | Personalized Fitness Coaching","Your fitness. Handled. Personalized training, nutrition, and coaching that adapts to real life.","https://www.sthenofitness.com/opengraph-image","summary_large_image","HowTo|Organization","","437","","","36","5",""
"https://www.sthenofitness.com/exercises/cable-cross-body-triceps-extension","exercises","200","https://www.sthenofitness.com/exercises/cable-cross-body-triceps-extension","index","true","true","Cross-Body Cable Triceps Extension Exercise Guide | STHENO Fitness","66","Learn how to perform Cross-Body Cable Triceps Extension, which muscles it works, common mistakes, and practical coaching cues.","126","Cross-Body Cable Triceps Extension","","","STHENO Fitness | Personalized Fitness Coaching","Your fitness. Handled. Personalized training, nutrition, and coaching that adapts to real life.","https://www.sthenofitness.com/opengraph-image","summary_large_image","HowTo|Organization","","439","","","36","5",""
"https://www.sthenofitness.com/exercises/cable-crunch","exercises","200","https://www.sthenofitness.com/exercises/cable-crunch","index","true","true","Kneeling Cable Crunch Exercise Guide | STHENO Fitness","53","Learn how to perform Kneeling Cable Crunch, which muscles it works, common mistakes, and practical coaching cues.","113","Kneeling Cable Crunch","","","STHENO Fitness | Personalized Fitness Coaching","Your fitness. Handled. Personalized training, nutrition, and coaching that adapts to real life.","https://www.sthenofitness.com/opengraph-image","summary_large_image","HowTo|Organization","","442","","","36","5",""
"https://www.sthenofitness.com/exercises/cable-cuffed-hip-flexion","exercises","200","https://www.sthenofitness.com/exercises/cable-cuffed-hip-flexion","index","true","true","Cuffed Cable Hip Flexion Exercise Guide | STHENO Fitness","56","Learn how to perform Cuffed Cable Hip Flexion, which muscles it works, common mistakes, and practical coaching cues.","116","Cuffed Cable Hip Flexion","","","STHENO Fitness | Personalized Fitness Coaching","Your fitness. Handled. Personalized training, nutrition, and coaching that adapts to real life.","https://www.sthenofitness.com/opengraph-image","summary_large_image","HowTo|Organization","","432","","","36","5",""
"https://www.sthenofitness.com/exercises/cable-curl-straight-bar","exercises","200","https://www.sthenofitness.com/exercises/cable-curl-straight-bar","index","true","true","Cable Curl (Straight Bar) Exercise Guide | STHENO Fitness","57","Learn how to perform Cable Curl (Straight Bar), which muscles it works, common mistakes, and practical coaching cues.","117","Cable Curl (Straight Bar)","","","STHENO Fitness | Personalized Fitness Coaching","Your fitness. Handled. Personalized training, nutrition, and coaching that adapts to real life.","https://www.sthenofitness.com/opengraph-image","summary_large_image","HowTo|Organization","","506","","","36","5",""
"https://www.sthenofitness.com/exercises/cable-fly-high-to-low","exercises","200","https://www.sthenofitness.com/exercises/cable-fly-high-to-low","index","true","true","High-to-Low Cable Fly Exercise Guide | STHENO Fitness","53","Learn how to perform High-to-Low Cable Fly, which muscles it works, common mistakes, and practical coaching cues.","113","High-to-Low Cable Fly","","","STHENO Fitness | Personalized Fitness Coaching","Your fitness. Handled. Personalized training, nutrition, and coaching that adapts to real life.","https://www.sthenofitness.com/opengraph-image","summary_large_image","HowTo|Organization","","431","","","34","5",""
"https://www.sthenofitness.com/exercises/cable-fly-low-to-high","exercises","200","https://www.sthenofitness.com/exercises/cable-fly-low-to-high","index","true","true","Low-to-High Cable Fly Exercise Guide | STHENO Fitness","53","Learn how to perform Low-to-High Cable Fly, which muscles it works, common mistakes, and practical coaching cues.","113","Low-to-High Cable Fly","","","STHENO Fitness | Personalized Fitness Coaching","Your fitness. Handled. Personalized training, nutrition, and coaching that adapts to real life.","https://www.sthenofitness.com/opengraph-image","summary_large_image","HowTo|Organization","","432","","","35","5",""
"https://www.sthenofitness.com/exercises/cable-fly-mid","exercises","200","https://www.sthenofitness.com/exercises/cable-fly-mid","index","true","true","Standing Cable Fly Exercise Guide | STHENO Fitness","50","Learn how to perform Standing Cable Fly, which muscles it works, common mistakes, and practical coaching cues.","110","Standing Cable Fly","","","STHENO Fitness | Personalized Fitness Coaching","Your fitness. Handled. Personalized training, nutrition, and coaching that adapts to real life.","https://www.sthenofitness.com/opengraph-image","summary_large_image","HowTo|Organization","","423","","","35","5",""
"https://www.sthenofitness.com/exercises/cable-front-raise","exercises","200","https://www.sthenofitness.com/exercises/cable-front-raise","index","true","true","Cable Front Raise Exercise Guide | STHENO Fitness","49","Learn how to perform Cable Front Raise, which muscles it works, common mistakes, and practical coaching cues.","109","Cable Front Raise","","","STHENO Fitness | Personalized Fitness Coaching","Your fitness. Handled. Personalized training, nutrition, and coaching that adapts to real life.","https://www.sthenofitness.com/opengraph-image","summary_large_image","HowTo|Organization","","432","","","36","5",""
"https://www.sthenofitness.com/exercises/cable-glute-kickback","exercises","200","https://www.sthenofitness.com/exercises/cable-glute-kickback","index","true","true","Cable Glute Kickback Exercise Guide | STHENO Fitness","52","Learn how to perform Cable Glute Kickback, which muscles it works, common mistakes, and practical coaching cues.","112","Cable Glute Kickback","","","STHENO Fitness | Personalized Fitness Coaching","Your fitness. Handled. Personalized training, nutrition, and coaching that adapts to real life.","https://www.sthenofitness.com/opengraph-image","summary_large_image","HowTo|Organization","","432","","","36","5",""
"https://www.sthenofitness.com/exercises/cable-high-pulley-biceps-curl","exercises","200","https://www.sthenofitness.com/exercises/cable-high-pulley-biceps-curl","index","true","true","High-Pulley Cable Biceps Curl Exercise Guide | STHENO Fitness","61","Learn how to perform High-Pulley Cable Biceps Curl, which muscles it works, common mistakes, and practical coaching cues.","121","High-Pulley Cable Biceps Curl","","","STHENO Fitness | Personalized Fitness Coaching","Your fitness. Handled. Personalized training, nutrition, and coaching that adapts to real life.","https://www.sthenofitness.com/opengraph-image","summary_large_image","HowTo|Organization","","435","","","36","5",""
"https://www.sthenofitness.com/exercises/cable-high-row","exercises","200","https://www.sthenofitness.com/exercises/cable-high-row","index","true","true","Cable High Row Exercise Guide | STHENO Fitness","46","Learn how to perform Cable High Row, which muscles it works, common mistakes, and practical coaching cues.","106","Cable High Row","","","STHENO Fitness | Personalized Fitness Coaching","Your fitness. Handled. Personalized training, nutrition, and coaching that adapts to real life.","https://www.sthenofitness.com/opengraph-image","summary_large_image","HowTo|Organization","","435","","","36","5",""
"https://www.sthenofitness.com/exercises/cable-hip-flexion","exercises","200","https://www.sthenofitness.com/exercises/cable-hip-flexion","index","true","true","Cable Hip Flexion Exercise Guide | STHENO Fitness","49","Learn how to perform Cable Hip Flexion, which muscles it works, common mistakes, and practical coaching cues.","109","Cable Hip Flexion","","","STHENO Fitness | Personalized Fitness Coaching","Your fitness. Handled. Personalized training, nutrition, and coaching that adapts to real life.","https://www.sthenofitness.com/opengraph-image","summary_large_image","HowTo|Organization","","427","","","36","5",""
"https://www.sthenofitness.com/exercises/cable-incline-rear-delt-fly","exercises","200","https://www.sthenofitness.com/exercises/cable-incline-rear-delt-fly","index","true","true","Incline-Bench Cable Rear-Delt Fly Exercise Guide | STHENO Fitness","65","Learn how to perform Incline-Bench Cable Rear-Delt Fly, which muscles it works, common mistakes, and practical coaching cues.","125","Incline-Bench Cable Rear-Delt Fly","","","STHENO Fitness | Personalized Fitness Coaching","Your fitness. Handled. Personalized training, nutrition, and coaching that adapts to real life.","https://www.sthenofitness.com/opengraph-image","summary_large_image","HowTo|Organization","","437","","","36","5",""
"https://www.sthenofitness.com/exercises/cable-knee-extension-standing","exercises","200","https://www.sthenofitness.com/exercises/cable-knee-extension-standing","index","true","true","Standing Cable Knee Extension Exercise Guide | STHENO Fitness","61","Learn how to perform Standing Cable Knee Extension, which muscles it works, common mistakes, and practical coaching cues.","121","Standing Cable Knee Extension","","","STHENO Fitness | Personalized Fitness Coaching","Your fitness. Handled. Personalized training, nutrition, and coaching that adapts to real life.","https://www.sthenofitness.com/opengraph-image","summary_large_image","HowTo|Organization","","439","","","36","5",""
"https://www.sthenofitness.com/exercises/cable-lateral-raise","exercises","200","https://www.sthenofitness.com/exercises/cable-lateral-raise","index","true","true","Single-Arm Cable Lateral Raise Exercise Guide | STHENO Fitness","62","Learn how to perform Single-Arm Cable Lateral Raise, which muscles it works, common mistakes, and practical coaching cues.","122","Single-Arm Cable Lateral Raise","","","STHENO Fitness | Personalized Fitness Coaching","Your fitness. Handled. Personalized training, nutrition, and coaching that adapts to real life.","https://www.sthenofitness.com/opengraph-image","summary_large_image","HowTo|Organization","","425","","","36","5",""
"https://www.sthenofitness.com/exercises/cable-lean-away-lateral-raise","exercises","200","https://www.sthenofitness.com/exercises/cable-lean-away-lateral-raise","index","true","true","Lean-Away Cable Lateral Raise Exercise Guide | STHENO Fitness","61","Learn how to perform Lean-Away Cable Lateral Raise, which muscles it works, common mistakes, and practical coaching cues.","121","Lean-Away Cable Lateral Raise","","","STHENO Fitness | Personalized Fitness Coaching","Your fitness. Handled. Personalized training, nutrition, and coaching that adapts to real life.","https://www.sthenofitness.com/opengraph-image","summary_large_image","HowTo|Organization","","436","","","36","5",""
"https://www.sthenofitness.com/exercises/cable-lying-biceps-curl","exercises","200","https://www.sthenofitness.com/exercises/cable-lying-biceps-curl","index","true","true","Lying Cable Biceps Curl Exercise Guide | STHENO Fitness","55","Learn how to perform Lying Cable Biceps Curl, which muscles it works, common mistakes, and practical coaching cues.","115","Lying Cable Biceps Curl","","","STHENO Fitness | Personalized Fitness Coaching","Your fitness. Handled. Personalized training, nutrition, and coaching that adapts to real life.","https://www.sthenofitness.com/opengraph-image","summary_large_image","HowTo|Organization","","438","","","36","5",""
"https://www.sthenofitness.com/exercises/cable-lying-triceps-extension","exercises","200","https://www.sthenofitness.com/exercises/cable-lying-triceps-extension","index","true","true","Lying Cable Triceps Extension Exercise Guide | STHENO Fitness","61","Learn how to perform Lying Cable Triceps Extension, which muscles it works, common mistakes, and practical coaching cues.","121","Lying Cable Triceps Extension","","","STHENO Fitness | Personalized Fitness Coaching","Your fitness. Handled. Personalized training, nutrition, and coaching that adapts to real life.","https://www.sthenofitness.com/opengraph-image","summary_large_image","HowTo|Organization","","442","","","36","5",""
"https://www.sthenofitness.com/exercises/cable-pull-through","exercises","200","https://www.sthenofitness.com/exercises/cable-pull-through","index","true","true","Cable Pull-Through Exercise Guide | STHENO Fitness","50","Learn how to perform Cable Pull-Through, which muscles it works, common mistakes, and practical coaching cues.","110","Cable Pull-Through","","","STHENO Fitness | Personalized Fitness Coaching","Your fitness. Handled. Personalized training, nutrition, and coaching that adapts to real life.","https://www.sthenofitness.com/opengraph-image","summary_large_image","HowTo|Organization","","426","","","36","5",""
"https://www.sthenofitness.com/exercises/cable-rear-delt-row","exercises","200","https://www.sthenofitness.com/exercises/cable-rear-delt-row","index","true","true","Cable Rear-Delt Row Exercise Guide | STHENO Fitness","51","Learn how to perform Cable Rear-Delt Row, which muscles it works, common mistakes, and practical coaching cues.","111","Cable Rear-Delt Row","","","STHENO Fitness | Personalized Fitness Coaching","Your fitness. Handled. Personalized training, nutrition, and coaching that adapts to real life.","https://www.sthenofitness.com/opengraph-image","summary_large_image","HowTo|Organization","","432","","","36","5",""
"https://www.sthenofitness.com/exercises/cable-reverse-fly","exercises","200","https://www.sthenofitness.com/exercises/cable-reverse-fly","index","true","true","Cable Reverse Fly Exercise Guide | STHENO Fitness","49","Learn how to perform Cable Reverse Fly, which muscles it works, common mistakes, and practical coaching cues.","109","Cable Reverse Fly","","","STHENO Fitness | Personalized Fitness Coaching","Your fitness. Handled. Personalized training, nutrition, and coaching that adapts to real life.","https://www.sthenofitness.com/opengraph-image","summary_large_image","HowTo|Organization","","430","","","36","5",""
"https://www.sthenofitness.com/exercises/cable-reverse-lunge","exercises","200","https://www.sthenofitness.com/exercises/cable-reverse-lunge","index","true","true","Cable Reverse Lunge Exercise Guide | STHENO Fitness","51","Learn how to perform Cable Reverse Lunge, which muscles it works, common mistakes, and practical coaching cues.","111","Cable Reverse Lunge","","","STHENO Fitness | Personalized Fitness Coaching","Your fitness. Handled. Personalized training, nutrition, and coaching that adapts to real life.","https://www.sthenofitness.com/opengraph-image","summary_large_image","HowTo|Organization","","436","","","36","5",""
"https://www.sthenofitness.com/exercises/cable-row","exercises","200","https://www.sthenofitness.com/exercises/cable-row","index","true","true","Seated Cable Row Exercise Guide | STHENO Fitness","48","Learn how to perform Seated Cable Row, which muscles it works, common mistakes, and practical coaching cues.","108","Seated Cable Row","","","STHENO Fitness | Personalized Fitness Coaching","Your fitness. Handled. Personalized training, nutrition, and coaching that adapts to real life.","https://www.sthenofitness.com/opengraph-image","summary_large_image","HowTo|Organization","","378","","","36","5",""
"https://www.sthenofitness.com/exercises/cable-shrug","exercises","200","https://www.sthenofitness.com/exercises/cable-shrug","index","true","true","Cable Shrug Exercise Guide | STHENO Fitness","43","Learn how to perform Cable Shrug, which muscles it works, common mistakes, and practical coaching cues.","103","Cable Shrug","","","STHENO Fitness | Personalized Fitness Coaching","Your fitness. Handled. Personalized training, nutrition, and coaching that adapts to real life.","https://www.sthenofitness.com/opengraph-image","summary_large_image","HowTo|Organization","","422","","","36","5",""
"https://www.sthenofitness.com/exercises/cable-split-squat","exercises","200","https://www.sthenofitness.com/exercises/cable-split-squat","index","true","true","Cable Split Squat Exercise Guide | STHENO Fitness","49","Learn how to perform Cable Split Squat, which muscles it works, common mistakes, and practical coaching cues.","109","Cable Split Squat","","","STHENO Fitness | Personalized Fitness Coaching","Your fitness. Handled. Personalized training, nutrition, and coaching that adapts to real life.","https://www.sthenofitness.com/opengraph-image","summary_large_image","HowTo|Organization","","440","","","36","5",""
"https://www.sthenofitness.com/exercises/cable-step-up","exercises","200","https://www.sthenofitness.com/exercises/cable-step-up","index","true","true","Cable Step-Up Exercise Guide | STHENO Fitness","45","Learn how to perform Cable Step-Up, which muscles it works, common mistakes, and practical coaching cues.","105","Cable Step-Up","","","STHENO Fitness | Personalized Fitness Coaching","Your fitness. Handled. Personalized training, nutrition, and coaching that adapts to real life.","https://www.sthenofitness.com/opengraph-image","summary_large_image","HowTo|Organization","","438","","","36","5",""
"https://www.sthenofitness.com/exercises/cable-triceps-kickback","exercises","200","https://www.sthenofitness.com/exercises/cable-triceps-kickback","index","true","true","Cable Triceps Kickback Exercise Guide | STHENO Fitness","54","Learn how to perform Cable Triceps Kickback, which muscles it works, common mistakes, and practical coaching cues.","114","Cable Triceps Kickback","","","STHENO Fitness | Personalized Fitness Coaching","Your fitness. Handled. Personalized training, nutrition, and coaching that adapts to real life.","https://www.sthenofitness.com/opengraph-image","summary_large_image","HowTo|Organization","","434","","","36","5",""
"https://www.sthenofitness.com/exercises/cable-triceps-pressdown","exercises","200","https://www.sthenofitness.com/exercises/cable-triceps-pressdown","index","true","true","Cable Triceps Pressdown Exercise Guide | STHENO Fitness","55","Learn how to perform Cable Triceps Pressdown, which muscles it works, common mistakes, and practical coaching cues.","115","Cable Triceps Pressdown","","","STHENO Fitness | Personalized Fitness Coaching","Your fitness. Handled. Personalized training, nutrition, and coaching that adapts to real life.","https://www.sthenofitness.com/opengraph-image","summary_large_image","HowTo|Organization","","367","","","36","5",""
"https://www.sthenofitness.com/exercises/cable-tricepss-pushdown-v-bar-attachment","exercises","200","https://www.sthenofitness.com/exercises/cable-tricepss-pushdown-v-bar-attachment","index","true","true","Cable Triceps Pushdown (V-Bar Attachment) Exercise Guide | STHENO Fitness","73","Learn how to perform Cable Triceps Pushdown (V-Bar Attachment), which muscles it works, common mistakes, and practical coaching cues.","133","Cable Triceps Pushdown (V-Bar Attachment)","","","STHENO Fitness | Personalized Fitness Coaching","Your fitness. Handled. Personalized training, nutrition, and coaching that adapts to real life.","https://www.sthenofitness.com/opengraph-image","summary_large_image","HowTo|Organization","","462","","","36","5",""
"https://www.sthenofitness.com/exercises/cable-upright-row","exercises","200","https://www.sthenofitness.com/exercises/cable-upright-row","index","true","true","Cable Upright Row Exercise Guide | STHENO Fitness","49","Learn how to perform Cable Upright Row, which muscles it works, common mistakes, and practical coaching cues.","109","Cable Upright Row","","","STHENO Fitness | Personalized Fitness Coaching","Your fitness. Handled. Personalized training, nutrition, and coaching that adapts to real life.","https://www.sthenofitness.com/opengraph-image","summary_large_image","HowTo|Organization","","453","","","36","5",""
"https://www.sthenofitness.com/exercises/cable-wood-chop","exercises","200","https://www.sthenofitness.com/exercises/cable-wood-chop","index","true","true","Cable Wood Chop Exercise Guide | STHENO Fitness","47","Learn how to perform Cable Wood Chop, which muscles it works, common mistakes, and practical coaching cues.","107","Cable Wood Chop","","","STHENO Fitness | Personalized Fitness Coaching","Your fitness. Handled. Personalized training, nutrition, and coaching that adapts to real life.","https://www.sthenofitness.com/opengraph-image","summary_large_image","HowTo|Organization","","500","","","36","5",""
"https://www.sthenofitness.com/exercises/cable-y-raise","exercises","200","https://www.sthenofitness.com/exercises/cable-y-raise","index","true","true","Cable Y-Raise Exercise Guide | STHENO Fitness","45","Learn how to perform Cable Y-Raise, which muscles it works, common mistakes, and practical coaching cues.","105","Cable Y-Raise","","","STHENO Fitness | Personalized Fitness Coaching","Your fitness. Handled. Personalized training, nutrition, and coaching that adapts to real life.","https://www.sthenofitness.com/opengraph-image","summary_large_image","HowTo|Organization","","429","","","36","5",""
"https://www.sthenofitness.com/exercises/captain-s-chair-leg-raises","exercises","200","https://www.sthenofitness.com/exercises/captain-s-chair-leg-raises","index","true","true","Captain S Chair Leg Raises Exercise Guide | STHENO Fitness","58","Learn how to perform Captain&#x27;S Chair Leg Raises, which muscles it works, common mistakes, and practical coaching cues.","123","Captain S Chair Leg Raises","","","STHENO Fitness | Personalized Fitness Coaching","Your fitness. Handled. Personalized training, nutrition, and coaching that adapts to real life.","https://www.sthenofitness.com/opengraph-image","summary_large_image","HowTo|Organization","","514","","","36","5",""
"https://www.sthenofitness.com/exercises/cat-cow-back-stretch","exercises","200","https://www.sthenofitness.com/exercises/cat-cow-back-stretch","index","true","true","Cat Cow Back Stretch Exercise Guide | STHENO Fitness","52","Learn how to perform Cat Cow Back Stretch, which muscles it works, common mistakes, and practical coaching cues.","112","Cat Cow Back Stretch","","","STHENO Fitness | Personalized Fitness Coaching","Your fitness. Handled. Personalized training, nutrition, and coaching that adapts to real life.","https://www.sthenofitness.com/opengraph-image","summary_large_image","HowTo|Organization","","508","","","36","5",""
"https://www.sthenofitness.com/exercises/cat-pose-stretching","exercises","200","https://www.sthenofitness.com/exercises/cat-pose-stretching","index","true","true","Cat Pose Stretching Exercise Guide | STHENO Fitness","51","Learn how to perform Cat Pose Stretching, which muscles it works, common mistakes, and practical coaching cues.","111","Cat Pose Stretching","","","STHENO Fitness | Personalized Fitness Coaching","Your fitness. Handled. Personalized training, nutrition, and coaching that adapts to real life.","https://www.sthenofitness.com/opengraph-image","summary_large_image","HowTo|Organization","","509","","","36","5",""
"https://www.sthenofitness.com/exercises/chaturanga-to-upward-dog","exercises","200","https://www.sthenofitness.com/exercises/chaturanga-to-upward-dog","index","true","true","Chaturanga To Upward Dog Exercise Guide | STHENO Fitness","56","Learn how to perform Chaturanga To Upward Dog, which muscles it works, common mistakes, and practical coaching cues.","116","Chaturanga To Upward Dog","","","STHENO Fitness | Personalized Fitness Coaching","Your fitness. Handled. Personalized training, nutrition, and coaching that adapts to real life.","https://www.sthenofitness.com/opengraph-image","summary_large_image","HowTo|Organization","","511","","","34","5",""
"https://www.sthenofitness.com/exercises/chest-supported-dumbbell-row","exercises","200","https://www.sthenofitness.com/exercises/chest-supported-dumbbell-row","index","true","true","Chest-Supported Dumbbell Row Exercise Guide | STHENO Fitness","60","Learn how to perform Chest-Supported Dumbbell Row, which muscles it works, common mistakes, and practical coaching cues.","120","Chest-Supported Dumbbell Row","","","STHENO Fitness | Personalized Fitness Coaching","Your fitness. Handled. Personalized training, nutrition, and coaching that adapts to real life.","https://www.sthenofitness.com/opengraph-image","summary_large_image","HowTo|Organization","","397","","","36","5",""
"https://www.sthenofitness.com/exercises/chest-supported-machine-row","exercises","200","https://www.sthenofitness.com/exercises/chest-supported-machine-row","index","true","true","Chest-Supported Machine Row Exercise Guide | STHENO Fitness","59","Learn how to perform Chest-Supported Machine Row, which muscles it works, common mistakes, and practical coaching cues.","119","Chest-Supported Machine Row","","","STHENO Fitness | Personalized Fitness Coaching","Your fitness. Handled. Personalized training, nutrition, and coaching that adapts to real life.","https://www.sthenofitness.com/opengraph-image","summary_large_image","HowTo|Organization","","430","","","36","5",""
"https://www.sthenofitness.com/exercises/child-pose","exercises","200","https://www.sthenofitness.com/exercises/child-pose","index","true","true","Child Pose Exercise Guide | STHENO Fitness","42","Learn how to perform Child Pose, which muscles it works, common mistakes, and practical coaching cues.","102","Child Pose","","","STHENO Fitness | Personalized Fitness Coaching","Your fitness. Handled. Personalized training, nutrition, and coaching that adapts to real life.","https://www.sthenofitness.com/opengraph-image","summary_large_image","HowTo|Organization","","503","","","36","5",""
"https://www.sthenofitness.com/exercises/chin-up-leg-folded","exercises","200","https://www.sthenofitness.com/exercises/chin-up-leg-folded","index","true","true","Chin Up Leg Folded Exercise Guide | STHENO Fitness","50","Learn how to perform Chin Up Leg Folded, which muscles it works, common mistakes, and practical coaching cues.","110","Chin Up Leg Folded","","","STHENO Fitness | Personalized Fitness Coaching","Your fitness. Handled. Personalized training, nutrition, and coaching that adapts to real life.","https://www.sthenofitness.com/opengraph-image","summary_large_image","HowTo|Organization","","494","","","36","5",""
"https://www.sthenofitness.com/exercises/clap-pushup","exercises","200","https://www.sthenofitness.com/exercises/clap-pushup","index","true","true","Clap Push Up Exercise Guide | STHENO Fitness","44","Learn how to perform Clap Push Up, which muscles it works, common mistakes, and practical coaching cues.","104","Clap Push Up","","","STHENO Fitness | Personalized Fitness Coaching","Your fitness. Handled. Personalized training, nutrition, and coaching that adapts to real life.","https://www.sthenofitness.com/opengraph-image","summary_large_image","HowTo|Organization","","519","","","36","5",""
"https://www.sthenofitness.com/exercises/close-grip-barbell-bench-press","exercises","200","https://www.sthenofitness.com/exercises/close-grip-barbell-bench-press","index","true","true","Close-Grip Barbell Bench Press Exercise Guide | STHENO Fitness","62","Learn how to perform Close-Grip Barbell Bench Press, which muscles it works, common mistakes, and practical coaching cues.","122","Close-Grip Barbell Bench Press","","","STHENO Fitness | Personalized Fitness Coaching","Your fitness. Handled. Personalized training, nutrition, and coaching that adapts to real life.","https://www.sthenofitness.com/opengraph-image","summary_large_image","HowTo|Organization","","457","","","36","5",""
"https://www.sthenofitness.com/exercises/close-grip-lat-pulldown","exercises","200","https://www.sthenofitness.com/exercises/close-grip-lat-pulldown","index","true","true","Close-Grip Lat Pulldown Exercise Guide | STHENO Fitness","55","Learn how to perform Close-Grip Lat Pulldown, which muscles it works, common mistakes, and practical coaching cues.","115","Close-Grip Lat Pulldown","","","STHENO Fitness | Personalized Fitness Coaching","Your fitness. Handled. Personalized training, nutrition, and coaching that adapts to real life.","https://www.sthenofitness.com/opengraph-image","summary_large_image","HowTo|Organization","","428","","","36","5",""
"https://www.sthenofitness.com/exercises/close-grip-push-up","exercises","200","https://www.sthenofitness.com/exercises/close-grip-push-up","index","true","true","Close-Grip Push-Up Exercise Guide | STHENO Fitness","50","Learn how to perform Close-Grip Push-Up, which muscles it works, common mistakes, and practical coaching cues.","110","Close-Grip Push-Up","","","STHENO Fitness | Personalized Fitness Coaching","Your fitness. Handled. Personalized training, nutrition, and coaching that adapts to real life.","https://www.sthenofitness.com/opengraph-image","summary_large_image","HowTo|Organization","","438","","","36","5",""
"https://www.sthenofitness.com/exercises/close-grip-pushups","exercises","200","https://www.sthenofitness.com/exercises/close-grip-pushups","index","true","true","Close Grip Push Ups Exercise Guide | STHENO Fitness","51","Learn how to perform Close Grip Push Ups, which muscles it works, common mistakes, and practical coaching cues.","111","Close Grip Push Ups","","","STHENO Fitness | Personalized Fitness Coaching","Your fitness. Handled. Personalized training, nutrition, and coaching that adapts to real life.","https://www.sthenofitness.com/opengraph-image","summary_large_image","HowTo|Organization","","515","","","36","5",""
"https://www.sthenofitness.com/exercises/concentration-curl-seated","exercises","200","https://www.sthenofitness.com/exercises/concentration-curl-seated","index","true","true","Concentration Curl (Seated) Exercise Guide | STHENO Fitness","59","Learn how to perform Concentration Curl (Seated), which muscles it works, common mistakes, and practical coaching cues.","119","Concentration Curl (Seated)","","","STHENO Fitness | Personalized Fitness Coaching","Your fitness. Handled. Personalized training, nutrition, and coaching that adapts to real life.","https://www.sthenofitness.com/opengraph-image","summary_large_image","HowTo|Organization","","504","","","36","5",""
"https://www.sthenofitness.com/exercises/controlled-kick-forearm-stand-flow","exercises","200","https://www.sthenofitness.com/exercises/controlled-kick-forearm-stand-flow","index","true","true","Controlled Kick Forearm Stand Flow Exercise Guide | STHENO Fitness","66","Learn how to perform Controlled Kick Forearm Stand Flow, which muscles it works, common mistakes, and practical coaching cues.","126","Controlled Kick Forearm Stand Flow","","","STHENO Fitness | Personalized Fitness Coaching","Your fitness. Handled. Personalized training, nutrition, and coaching that adapts to real life.","https://www.sthenofitness.com/opengraph-image","summary_large_image","HowTo|Organization","","521","","","36","5",""
"https://www.sthenofitness.com/exercises/conventional-deadlift","exercises","200","https://www.sthenofitness.com/exercises/conventional-deadlift","index","true","true","Conventional Barbell Deadlift Exercise Guide | STHENO Fitness","61","Learn how to perform Conventional Barbell Deadlift, which muscles it works, common mistakes, and practical coaching cues.","121","Conventional Barbell Deadlift","","","STHENO Fitness | Personalized Fitness Coaching","Your fitness. Handled. Personalized training, nutrition, and coaching that adapts to real life.","https://www.sthenofitness.com/opengraph-image","summary_large_image","HowTo|Organization","","426","","","36","5",""
"https://www.sthenofitness.com/exercises/converging-chest-press-machine","exercises","200","https://www.sthenofitness.com/exercises/converging-chest-press-machine","index","true","true","Converging Chest Press Machine Exercise Guide | STHENO Fitness","62","Learn how to perform Converging Chest Press Machine, which muscles it works, common mistakes, and practical coaching cues.","122","Converging Chest Press Machine","","","STHENO Fitness | Personalized Fitness Coaching","Your fitness. Handled. Personalized training, nutrition, and coaching that adapts to real life.","https://www.sthenofitness.com/opengraph-image","summary_large_image","HowTo|Organization","","436","","","36","5",""
"https://www.sthenofitness.com/exercises/cow-pose-stretch","exercises","200","https://www.sthenofitness.com/exercises/cow-pose-stretch","index","true","true","Cow Pose Stretch Exercise Guide | STHENO Fitness","48","Learn how to perform Cow Pose Stretch, which muscles it works, common mistakes, and practical coaching cues.","108","Cow Pose Stretch","","","STHENO Fitness | Personalized Fitness Coaching","Your fitness. Handled. Personalized training, nutrition, and coaching that adapts to real life.","https://www.sthenofitness.com/opengraph-image","summary_large_image","HowTo|Organization","","514","","","36","5",""
"https://www.sthenofitness.com/exercises/cross-body-mountain-climbers","exercises","200","https://www.sthenofitness.com/exercises/cross-body-mountain-climbers","index","true","true","Cross-Body Mountain Climbers Exercise Guide | STHENO Fitness","60","Learn how to perform Cross-Body Mountain Climbers, which muscles it works, common mistakes, and practical coaching cues.","120","Cross-Body Mountain Climbers","","","STHENO Fitness | Personalized Fitness Coaching","Your fitness. Handled. Personalized training, nutrition, and coaching that adapts to real life.","https://www.sthenofitness.com/opengraph-image","summary_large_image","HowTo|Organization","","504","","","36","5",""
"https://www.sthenofitness.com/exercises/cross-body-shoulder-stretch","exercises","200","https://www.sthenofitness.com/exercises/cross-body-shoulder-stretch","index","true","true","Cross-Body Shoulder Stretch Exercise Guide | STHENO Fitness","59","Learn how to perform Cross-Body Shoulder Stretch, which muscles it works, common mistakes, and practical coaching cues.","119","Cross-Body Shoulder Stretch","","","STHENO Fitness | Personalized Fitness Coaching","Your fitness. Handled. Personalized training, nutrition, and coaching that adapts to real life.","https://www.sthenofitness.com/opengraph-image","summary_large_image","HowTo|Organization","","511","","","36","5",""
"https://www.sthenofitness.com/exercises/crow-pose","exercises","200","https://www.sthenofitness.com/exercises/crow-pose","index","true","true","Crow Pose Exercise Guide | STHENO Fitness","41","Learn how to perform Crow Pose, which muscles it works, common mistakes, and practical coaching cues.","101","Crow Pose","","","STHENO Fitness | Personalized Fitness Coaching","Your fitness. Handled. Personalized training, nutrition, and coaching that adapts to real life.","https://www.sthenofitness.com/opengraph-image","summary_large_image","HowTo|Organization","","508","","","36","5",""
"https://www.sthenofitness.com/exercises/curtsy-lunge","exercises","200","https://www.sthenofitness.com/exercises/curtsy-lunge","index","true","true","Curtsy Lunge Exercise Guide | STHENO Fitness","44","Learn how to perform Curtsy Lunge, which muscles it works, common mistakes, and practical coaching cues.","104","Curtsy Lunge","","","STHENO Fitness | Personalized Fitness Coaching","Your fitness. Handled. Personalized training, nutrition, and coaching that adapts to real life.","https://www.sthenofitness.com/opengraph-image","summary_large_image","HowTo|Organization","","436","","","36","5",""
"https://www.sthenofitness.com/exercises/cycling","exercises","200","https://www.sthenofitness.com/exercises/cycling","index","true","true","Cycling Exercise Guide | STHENO Fitness","39","Learn how to perform Cycling, which muscles it works, common mistakes, and practical coaching cues.","99","Cycling","","","STHENO Fitness | Personalized Fitness Coaching","Your fitness. Handled. Personalized training, nutrition, and coaching that adapts to real life.","https://www.sthenofitness.com/opengraph-image","summary_large_image","HowTo|Organization","","494","","","36","5",""
"https://www.sthenofitness.com/exercises/cyclist-smith-squat","exercises","200","https://www.sthenofitness.com/exercises/cyclist-smith-squat","index","true","true","Smith Machine Cyclist Squat Exercise Guide | STHENO Fitness","59","Learn how to perform Smith Machine Cyclist Squat, which muscles it works, common mistakes, and practical coaching cues.","119","Smith Machine Cyclist Squat","","","STHENO Fitness | Personalized Fitness Coaching","Your fitness. Handled. Personalized training, nutrition, and coaching that adapts to real life.","https://www.sthenofitness.com/opengraph-image","summary_large_image","HowTo|Organization","","434","","","36","5",""
"https://www.sthenofitness.com/exercises/dead-bug","exercises","200","https://www.sthenofitness.com/exercises/dead-bug","index","true","true","Dead Bug Exercise Guide | STHENO Fitness","40","Learn how to perform Dead Bug, which muscles it works, common mistakes, and practical coaching cues.","100","Dead Bug","","","STHENO Fitness | Personalized Fitness Coaching","Your fitness. Handled. Personalized training, nutrition, and coaching that adapts to real life.","https://www.sthenofitness.com/opengraph-image","summary_large_image","HowTo|Organization","","455","","","36","5",""
"https://www.sthenofitness.com/exercises/decline-bench-crunch","exercises","200","https://www.sthenofitness.com/exercises/decline-bench-crunch","index","true","true","Decline Bench Crunch Exercise Guide | STHENO Fitness","52","Learn how to perform Decline Bench Crunch, which muscles it works, common mistakes, and practical coaching cues.","112","Decline Bench Crunch","","","STHENO Fitness | Personalized Fitness Coaching","Your fitness. Handled. Personalized training, nutrition, and coaching that adapts to real life.","https://www.sthenofitness.com/opengraph-image","summary_large_image","HowTo|Organization","","508","","","36","5",""
"https://www.sthenofitness.com/exercises/decline-chest-press-machine","exercises","200","https://www.sthenofitness.com/exercises/decline-chest-press-machine","index","true","true","Decline Chest Press Machine Exercise Guide | STHENO Fitness","59","Learn how to perform Decline Chest Press Machine, which muscles it works, common mistakes, and practical coaching cues.","119","Decline Chest Press Machine","","","STHENO Fitness | Personalized Fitness Coaching","Your fitness. Handled. Personalized training, nutrition, and coaching that adapts to real life.","https://www.sthenofitness.com/opengraph-image","summary_large_image","HowTo|Organization","","437","","","36","5",""
"https://www.sthenofitness.com/exercises/decline-dumbbell-bench-press","exercises","200","https://www.sthenofitness.com/exercises/decline-dumbbell-bench-press","index","true","true","Decline Dumbbell Bench Press Exercise Guide | STHENO Fitness","60","Learn how to perform Decline Dumbbell Bench Press, which muscles it works, common mistakes, and practical coaching cues.","120","Decline Dumbbell Bench Press","","","STHENO Fitness | Personalized Fitness Coaching","Your fitness. Handled. Personalized training, nutrition, and coaching that adapts to real life.","https://www.sthenofitness.com/opengraph-image","summary_large_image","HowTo|Organization","","454","","","36","5",""
"https://www.sthenofitness.com/exercises/decline-elbow-plank","exercises","200","https://www.sthenofitness.com/exercises/decline-elbow-plank","index","true","true","Decline Elbow Plank Exercise Guide | STHENO Fitness","51","Learn how to perform Decline Elbow Plank, which muscles it works, common mistakes, and practical coaching cues.","111","Decline Elbow Plank","","","STHENO Fitness | Personalized Fitness Coaching","Your fitness. Handled. Personalized training, nutrition, and coaching that adapts to real life.","https://www.sthenofitness.com/opengraph-image","summary_large_image","HowTo|Organization","","505","","","36","5",""
"https://www.sthenofitness.com/exercises/decline-push-up","exercises","200","https://www.sthenofitness.com/exercises/decline-push-up","index","true","true","Decline Push-Up Exercise Guide | STHENO Fitness","47","Learn how to perform Decline Push-Up, which muscles it works, common mistakes, and practical coaching cues.","107","Decline Push-Up","","","STHENO Fitness | Personalized Fitness Coaching","Your fitness. Handled. Personalized training, nutrition, and coaching that adapts to real life.","https://www.sthenofitness.com/opengraph-image","summary_large_image","HowTo|Organization","","461","","","36","5",""
"https://www.sthenofitness.com/exercises/deficit-barbell-deadlift","exercises","200","https://www.sthenofitness.com/exercises/deficit-barbell-deadlift","index","true","true","Deficit Barbell Deadlift Exercise Guide | STHENO Fitness","56","Learn how to perform Deficit Barbell Deadlift, which muscles it works, common mistakes, and practical coaching cues.","116","Deficit Barbell Deadlift","","","STHENO Fitness | Personalized Fitness Coaching","Your fitness. Handled. Personalized training, nutrition, and coaching that adapts to real life.","https://www.sthenofitness.com/opengraph-image","summary_large_image","HowTo|Organization","","438","","","36","5",""
"https://www.sthenofitness.com/exercises/depth-jump","exercises","200","https://www.sthenofitness.com/exercises/depth-jump","index","true","true","Depth Jump Exercise Guide | STHENO Fitness","42","Learn how to perform Depth Jump, which muscles it works, common mistakes, and practical coaching cues.","102","Depth Jump","","","STHENO Fitness | Personalized Fitness Coaching","Your fitness. Handled. Personalized training, nutrition, and coaching that adapts to real life.","https://www.sthenofitness.com/opengraph-image","summary_large_image","HowTo|Organization","","509","","","36","5",""
"https://www.sthenofitness.com/exercises/diamond-pushup","exercises","200","https://www.sthenofitness.com/exercises/diamond-pushup","index","true","true","Diamond Push Up Exercise Guide | STHENO Fitness","47","Learn how to perform Diamond Push Up, which muscles it works, common mistakes, and practical coaching cues.","107","Diamond Push Up","","","STHENO Fitness | Personalized Fitness Coaching","Your fitness. Handled. Personalized training, nutrition, and coaching that adapts to real life.","https://www.sthenofitness.com/opengraph-image","summary_large_image","HowTo|Organization","","518","","","36","5",""
"https://www.sthenofitness.com/exercises/dips","exercises","200","https://www.sthenofitness.com/exercises/dips","index","true","true","Dips Exercise Guide | STHENO Fitness","36","Learn how to perform Dips, which muscles it works, common mistakes, and practical coaching cues.","96","Dips","","","STHENO Fitness | Personalized Fitness Coaching","Your fitness. Handled. Personalized training, nutrition, and coaching that adapts to real life.","https://www.sthenofitness.com/opengraph-image","summary_large_image","HowTo|Organization","","448","","","36","5",""
"https://www.sthenofitness.com/exercises/dips-chest-focus-leaning-forward","exercises","200","https://www.sthenofitness.com/exercises/dips-chest-focus-leaning-forward","index","true","true","Dips (Chest Focus - Leaning Forward) Exercise Guide | STHENO Fitness","68","Learn how to perform Dips (Chest Focus - Leaning Forward), which muscles it works, common mistakes, and practical coaching cues.","128","Dips (Chest Focus - Leaning Forward)","","","STHENO Fitness | Personalized Fitness Coaching","Your fitness. Handled. Personalized training, nutrition, and coaching that adapts to real life.","https://www.sthenofitness.com/opengraph-image","summary_large_image","HowTo|Organization","","516","","","34","5",""
"https://www.sthenofitness.com/exercises/dolphin-plank-hold","exercises","200","https://www.sthenofitness.com/exercises/dolphin-plank-hold","index","true","true","Dolphin Plank Hold Exercise Guide | STHENO Fitness","50","Learn how to perform Dolphin Plank Hold, which muscles it works, common mistakes, and practical coaching cues.","110","Dolphin Plank Hold","","","STHENO Fitness | Personalized Fitness Coaching","Your fitness. Handled. Personalized training, nutrition, and coaching that adapts to real life.","https://www.sthenofitness.com/opengraph-image","summary_large_image","HowTo|Organization","","509","","","36","5",""
"https://www.sthenofitness.com/exercises/donkey-calf-raise-machine","exercises","200","https://www.sthenofitness.com/exercises/donkey-calf-raise-machine","index","true","true","Donkey Calf Raise Machine Exercise Guide | STHENO Fitness","57","Learn how to perform Donkey Calf Raise Machine, which muscles it works, common mistakes, and practical coaching cues.","117","Donkey Calf Raise Machine","","","STHENO Fitness | Personalized Fitness Coaching","Your fitness. Handled. Personalized training, nutrition, and coaching that adapts to real life.","https://www.sthenofitness.com/opengraph-image","summary_large_image","HowTo|Organization","","441","","","36","5",""
"https://www.sthenofitness.com/exercises/donkey-single-leg-kick","exercises","200","https://www.sthenofitness.com/exercises/donkey-single-leg-kick","index","true","true","Donkey Single Leg Kick Exercise Guide | STHENO Fitness","54","Learn how to perform Donkey Single Leg Kick, which muscles it works, common mistakes, and practical coaching cues.","114","Donkey Single Leg Kick","","","STHENO Fitness | Personalized Fitness Coaching","Your fitness. Handled. Personalized training, nutrition, and coaching that adapts to real life.","https://www.sthenofitness.com/opengraph-image","summary_large_image","HowTo|Organization","","467","","","36","5",""
"https://www.sthenofitness.com/exercises/double-dumbbell-suitcase-carry","exercises","200","https://www.sthenofitness.com/exercises/double-dumbbell-suitcase-carry","index","true","true","Double Dumbbell Suitcase Carry Exercise Guide | STHENO Fitness","62","Learn how to perform Double Dumbbell Suitcase Carry, which muscles it works, common mistakes, and practical coaching cues.","122","Double Dumbbell Suitcase Carry","","","STHENO Fitness | Personalized Fitness Coaching","Your fitness. Handled. Personalized training, nutrition, and coaching that adapts to real life.","https://www.sthenofitness.com/opengraph-image","summary_large_image","HowTo|Organization","","422","","","34","5",""
"https://www.sthenofitness.com/exercises/downward-dog-hold","exercises","200","https://www.sthenofitness.com/exercises/downward-dog-hold","index","true","true","Downward Dog Hold Exercise Guide | STHENO Fitness","49","Learn how to perform Downward Dog Hold, which muscles it works, common mistakes, and practical coaching cues.","109","Downward Dog Hold","","","STHENO Fitness | Personalized Fitness Coaching","Your fitness. Handled. Personalized training, nutrition, and coaching that adapts to real life.","https://www.sthenofitness.com/opengraph-image","summary_large_image","HowTo|Organization","","512","","","36","5",""
"https://www.sthenofitness.com/exercises/dragon-flags-core-mastery","exercises","200","https://www.sthenofitness.com/exercises/dragon-flags-core-mastery","index","true","true","Dragon Flags - Core Mastery Exercise Guide | STHENO Fitness","59","Learn how to perform Dragon Flags - Core Mastery, which muscles it works, common mistakes, and practical coaching cues.","119","Dragon Flags - Core Mastery","","","STHENO Fitness | Personalized Fitness Coaching","Your fitness. Handled. Personalized training, nutrition, and coaching that adapts to real life.","https://www.sthenofitness.com/opengraph-image","summary_large_image","HowTo|Organization","","520","","","36","5",""
"https://www.sthenofitness.com/exercises/dumb-waiter-dumbbell","exercises","200","https://www.sthenofitness.com/exercises/dumb-waiter-dumbbell","index","true","true","Dumb Waiter Dumbbell Exercise Guide | STHENO Fitness","52","Learn how to perform Dumb Waiter Dumbbell, which muscles it works, common mistakes, and practical coaching cues.","112","Dumb Waiter Dumbbell","","","STHENO Fitness | Personalized Fitness Coaching","Your fitness. Handled. Personalized training, nutrition, and coaching that adapts to real life.","https://www.sthenofitness.com/opengraph-image","summary_large_image","HowTo|Organization","","463","","","36","5",""
"https://www.sthenofitness.com/exercises/dumbbell-arnold-press","exercises","200","https://www.sthenofitness.com/exercises/dumbbell-arnold-press","index","true","true","Dumbbell Arnold Press Exercise Guide | STHENO Fitness","53","Learn how to perform Dumbbell Arnold Press, which muscles it works, common mistakes, and practical coaching cues.","113","Dumbbell Arnold Press","","","STHENO Fitness | Personalized Fitness Coaching","Your fitness. Handled. Personalized training, nutrition, and coaching that adapts to real life.","https://www.sthenofitness.com/opengraph-image","summary_large_image","HowTo|Organization","","442","","","36","5",""
"https://www.sthenofitness.com/exercises/dumbbell-b-stance-rdl","exercises","200","https://www.sthenofitness.com/exercises/dumbbell-b-stance-rdl","index","true","true","Dumbbell B-Stance Romanian Deadlift Exercise Guide | STHENO Fitness","67","Learn how to perform Dumbbell B-Stance Romanian Deadlift, which muscles it works, common mistakes, and practical coaching cues.","127","Dumbbell B-Stance Romanian Deadlift","","","STHENO Fitness | Personalized Fitness Coaching","Your fitness. Handled. Personalized training, nutrition, and coaching that adapts to real life.","https://www.sthenofitness.com/opengraph-image","summary_large_image","HowTo|Organization","","433","","","36","5",""
"https://www.sthenofitness.com/exercises/dumbbell-bench-press","exercises","200","https://www.sthenofitness.com/exercises/dumbbell-bench-press","index","true","true","Dumbbell Bench Press Exercise Guide | STHENO Fitness","52","Learn how to perform Dumbbell Bench Press, which muscles it works, common mistakes, and practical coaching cues.","112","Dumbbell Bench Press","","","STHENO Fitness | Personalized Fitness Coaching","Your fitness. Handled. Personalized training, nutrition, and coaching that adapts to real life.","https://www.sthenofitness.com/opengraph-image","summary_large_image","HowTo|Organization","","389","","","36","5",""
"https://www.sthenofitness.com/exercises/dumbbell-bent-over-row","exercises","200","https://www.sthenofitness.com/exercises/dumbbell-bent-over-row","index","true","true","Dumbbell Bent-Over Row Exercise Guide | STHENO Fitness","54","Learn how to perform Dumbbell Bent-Over Row, which muscles it works, common mistakes, and practical coaching cues.","114","Dumbbell Bent-Over Row","","","STHENO Fitness | Personalized Fitness Coaching","Your fitness. Handled. Personalized training, nutrition, and coaching that adapts to real life.","https://www.sthenofitness.com/opengraph-image","summary_large_image","HowTo|Organization","","444","","","36","5",""
"https://www.sthenofitness.com/exercises/dumbbell-bicepss-curl-up","exercises","200","https://www.sthenofitness.com/exercises/dumbbell-bicepss-curl-up","index","true","true","Dumbbell Biceps Curl Up Exercise Guide | STHENO Fitness","55","Learn how to perform Dumbbell Biceps Curl Up, which muscles it works, common mistakes, and practical coaching cues.","115","Dumbbell Biceps Curl Up","","","STHENO Fitness | Personalized Fitness Coaching","Your fitness. Handled. Personalized training, nutrition, and coaching that adapts to real life.","https://www.sthenofitness.com/opengraph-image","summary_large_image","HowTo|Organization","","458","","","36","5",""
"https://www.sthenofitness.com/exercises/dumbbell-box-squat","exercises","200","https://www.sthenofitness.com/exercises/dumbbell-box-squat","index","true","true","Dumbbell Box Squat Exercise Guide | STHENO Fitness","50","Learn how to perform Dumbbell Box Squat, which muscles it works, common mistakes, and practical coaching cues.","110","Dumbbell Box Squat","","","STHENO Fitness | Personalized Fitness Coaching","Your fitness. Handled. Personalized training, nutrition, and coaching that adapts to real life.","https://www.sthenofitness.com/opengraph-image","summary_large_image","HowTo|Organization","","430","","","36","5",""
"https://www.sthenofitness.com/exercises/dumbbell-bulgarian-split-squat","exercises","200","https://www.sthenofitness.com/exercises/dumbbell-bulgarian-split-squat","index","true","true","Dumbbell Rear-Foot-Elevated Split Squat Exercise Guide | STHENO Fitness","71","Learn how to perform Dumbbell Rear-Foot-Elevated Split Squat, which muscles it works, common mistakes, and practical coaching cues.","131","Dumbbell Rear-Foot-Elevated Split Squat","","","STHENO Fitness | Personalized Fitness Coaching","Your fitness. Handled. Personalized training, nutrition, and coaching that adapts to real life.","https://www.sthenofitness.com/opengraph-image","summary_large_image","HowTo|Organization","","436","","","36","5",""
"https://www.sthenofitness.com/exercises/dumbbell-chopper","exercises","200","https://www.sthenofitness.com/exercises/dumbbell-chopper","index","true","true","Dumbbell Chopper Exercise Guide | STHENO Fitness","48","Learn how to perform Dumbbell Chopper, which muscles it works, common mistakes, and practical coaching cues.","108","Dumbbell Chopper","","","STHENO Fitness | Personalized Fitness Coaching","Your fitness. Handled. Personalized training, nutrition, and coaching that adapts to real life.","https://www.sthenofitness.com/opengraph-image","summary_large_image","HowTo|Organization","","497","","","36","5",""
"https://www.sthenofitness.com/exercises/dumbbell-concentration-curl","exercises","200","https://www.sthenofitness.com/exercises/dumbbell-concentration-curl","index","true","true","Dumbbell Concentration Curl Exercise Guide | STHENO Fitness","59","Learn how to perform Dumbbell Concentration Curl, which muscles it works, common mistakes, and practical coaching cues.","119","Dumbbell Concentration Curl","","","STHENO Fitness | Personalized Fitness Coaching","Your fitness. Handled. Personalized training, nutrition, and coaching that adapts to real life.","https://www.sthenofitness.com/opengraph-image","summary_large_image","HowTo|Organization","","427","","","36","5",""
"https://www.sthenofitness.com/exercises/dumbbell-contralateral-walking-lunge","exercises","200","https://www.sthenofitness.com/exercises/dumbbell-contralateral-walking-lunge","index","true","true","Contralateral Dumbbell Walking Lunge Exercise Guide | STHENO Fitness","68","Learn how to perform Contralateral Dumbbell Walking Lunge, which muscles it works, common mistakes, and practical coaching cues.","128","Contralateral Dumbbell Walking Lunge","","","STHENO Fitness | Personalized Fitness Coaching","Your fitness. Handled. Personalized training, nutrition, and coaching that adapts to real life.","https://www.sthenofitness.com/opengraph-image","summary_large_image","HowTo|Organization","","434","","","36","5",""
"https://www.sthenofitness.com/exercises/dumbbell-cross-body-curl","exercises","200","https://www.sthenofitness.com/exercises/dumbbell-cross-body-curl","index","true","true","Dumbbell Cross-Body Curl Exercise Guide | STHENO Fitness","56","Learn how to perform Dumbbell Cross-Body Curl, which muscles it works, common mistakes, and practical coaching cues.","116","Dumbbell Cross-Body Curl","","","STHENO Fitness | Personalized Fitness Coaching","Your fitness. Handled. Personalized training, nutrition, and coaching that adapts to real life.","https://www.sthenofitness.com/opengraph-image","summary_large_image","HowTo|Organization","","427","","","36","5",""
"https://www.sthenofitness.com/exercises/dumbbell-curl","exercises","200","https://www.sthenofitness.com/exercises/dumbbell-curl","index","true","true","Dumbbell Curl Exercise Guide | STHENO Fitness","45","Learn how to perform Dumbbell Curl, which muscles it works, common mistakes, and practical coaching cues.","105","Dumbbell Curl","","","STHENO Fitness | Personalized Fitness Coaching","Your fitness. Handled. Personalized training, nutrition, and coaching that adapts to real life.","https://www.sthenofitness.com/opengraph-image","summary_large_image","HowTo|Organization","","380","","","36","5",""
"https://www.sthenofitness.com/exercises/dumbbell-cyclist-squat","exercises","200","https://www.sthenofitness.com/exercises/dumbbell-cyclist-squat","index","true","true","Dumbbell Cyclist Squat Exercise Guide | STHENO Fitness","54","Learn how to perform Dumbbell Cyclist Squat, which muscles it works, common mistakes, and practical coaching cues.","114","Dumbbell Cyclist Squat","","","STHENO Fitness | Personalized Fitness Coaching","Your fitness. Handled. Personalized training, nutrition, and coaching that adapts to real life.","https://www.sthenofitness.com/opengraph-image","summary_large_image","HowTo|Organization","","427","","","36","5",""
"https://www.sthenofitness.com/exercises/dumbbell-dead-bug","exercises","200","https://www.sthenofitness.com/exercises/dumbbell-dead-bug","index","true","true","Dumbbell Dead Bug Exercise Guide | STHENO Fitness","49","Learn how to perform Dumbbell Dead Bug, which muscles it works, common mistakes, and practical coaching cues.","109","Dumbbell Dead Bug","","","STHENO Fitness | Personalized Fitness Coaching","Your fitness. Handled. Personalized training, nutrition, and coaching that adapts to real life.","https://www.sthenofitness.com/opengraph-image","summary_large_image","HowTo|Organization","","426","","","36","5",""
"https://www.sthenofitness.com/exercises/dumbbell-deadlift","exercises","200","https://www.sthenofitness.com/exercises/dumbbell-deadlift","index","true","true","Dumbbell Deadlift Exercise Guide | STHENO Fitness","49","Learn how to perform Dumbbell Deadlift, which muscles it works, common mistakes, and practical coaching cues.","109","Dumbbell Deadlift","","","STHENO Fitness | Personalized Fitness Coaching","Your fitness. Handled. Personalized training, nutrition, and coaching that adapts to real life.","https://www.sthenofitness.com/opengraph-image","summary_large_image","HowTo|Organization","","426","","","36","5",""
"https://www.sthenofitness.com/exercises/dumbbell-drag","exercises","200","https://www.sthenofitness.com/exercises/dumbbell-drag","index","true","true","Dumbbell Drag Exercise Guide | STHENO Fitness","45","Learn how to perform Dumbbell Drag, which muscles it works, common mistakes, and practical coaching cues.","105","Dumbbell Drag","","","STHENO Fitness | Personalized Fitness Coaching","Your fitness. Handled. Personalized training, nutrition, and coaching that adapts to real life.","https://www.sthenofitness.com/opengraph-image","summary_large_image","HowTo|Organization","","453","","","36","5",""
"https://www.sthenofitness.com/exercises/dumbbell-farmers-carry","exercises","200","https://www.sthenofitness.com/exercises/dumbbell-farmers-carry","index","true","true","Dumbbell Farmers Carry Exercise Guide | STHENO Fitness","54","Learn how to perform Dumbbell Farmers Carry, which muscles it works, common mistakes, and practical coaching cues.","114","Dumbbell Farmers Carry","","","STHENO Fitness | Personalized Fitness Coaching","Your fitness. Handled. Personalized training, nutrition, and coaching that adapts to real life.","https://www.sthenofitness.com/opengraph-image","summary_large_image","HowTo|Organization","","420","","","34","5",""
"https://www.sthenofitness.com/exercises/dumbbell-floor-press","exercises","200","https://www.sthenofitness.com/exercises/dumbbell-floor-press","index","true","true","Dumbbell Floor Press Exercise Guide | STHENO Fitness","52","Learn how to perform Dumbbell Floor Press, which muscles it works, common mistakes, and practical coaching cues.","112","Dumbbell Floor Press","","","STHENO Fitness | Personalized Fitness Coaching","Your fitness. Handled. Personalized training, nutrition, and coaching that adapts to real life.","https://www.sthenofitness.com/opengraph-image","summary_large_image","HowTo|Organization","","431","","","36","5",""
"https://www.sthenofitness.com/exercises/dumbbell-flys-flat","exercises","200","https://www.sthenofitness.com/exercises/dumbbell-flys-flat","index","true","true","Dumbbell Flys Flat Exercise Guide | STHENO Fitness","50","Learn how to perform Dumbbell Flys Flat, which muscles it works, common mistakes, and practical coaching cues.","110","Dumbbell Flys Flat","","","STHENO Fitness | Personalized Fitness Coaching","Your fitness. Handled. Personalized training, nutrition, and coaching that adapts to real life.","https://www.sthenofitness.com/opengraph-image","summary_large_image","HowTo|Organization","","502","","","34","5",""
"https://www.sthenofitness.com/exercises/dumbbell-flys-incline","exercises","200","https://www.sthenofitness.com/exercises/dumbbell-flys-incline","index","true","true","Dumbbell Flys Incline Exercise Guide | STHENO Fitness","53","Learn how to perform Dumbbell Flys Incline, which muscles it works, common mistakes, and practical coaching cues.","113","Dumbbell Flys Incline","","","STHENO Fitness | Personalized Fitness Coaching","Your fitness. Handled. Personalized training, nutrition, and coaching that adapts to real life.","https://www.sthenofitness.com/opengraph-image","summary_large_image","HowTo|Organization","","497","","","34","5",""
"https://www.sthenofitness.com/exercises/dumbbell-forward-lunge","exercises","200","https://www.sthenofitness.com/exercises/dumbbell-forward-lunge","index","true","true","Dumbbell Forward Lunge Exercise Guide | STHENO Fitness","54","Learn how to perform Dumbbell Forward Lunge, which muscles it works, common mistakes, and practical coaching cues.","114","Dumbbell Forward Lunge","","","STHENO Fitness | Personalized Fitness Coaching","Your fitness. Handled. Personalized training, nutrition, and coaching that adapts to real life.","https://www.sthenofitness.com/opengraph-image","summary_large_image","HowTo|Organization","","430","","","36","5",""
"https://www.sthenofitness.com/exercises/dumbbell-frog-pump","exercises","200","https://www.sthenofitness.com/exercises/dumbbell-frog-pump","index","true","true","Dumbbell Frog Pump Exercise Guide | STHENO Fitness","50","Learn how to perform Dumbbell Frog Pump, which muscles it works, common mistakes, and practical coaching cues.","110","Dumbbell Frog Pump","","","STHENO Fitness | Personalized Fitness Coaching","Your fitness. Handled. Personalized training, nutrition, and coaching that adapts to real life.","https://www.sthenofitness.com/opengraph-image","summary_large_image","HowTo|Organization","","426","","","36","5",""
"https://www.sthenofitness.com/exercises/dumbbell-front-rack-carry","exercises","200","https://www.sthenofitness.com/exercises/dumbbell-front-rack-carry","index","true","true","Dumbbell Front-Rack Carry Exercise Guide | STHENO Fitness","57","Learn how to perform Dumbbell Front-Rack Carry, which muscles it works, common mistakes, and practical coaching cues.","117","Dumbbell Front-Rack Carry","","","STHENO Fitness | Personalized Fitness Coaching","Your fitness. Handled. Personalized training, nutrition, and coaching that adapts to real life.","https://www.sthenofitness.com/opengraph-image","summary_large_image","HowTo|Organization","","420","","","34","5",""
"https://www.sthenofitness.com/exercises/dumbbell-front-rack-reverse-lunge","exercises","200","https://www.sthenofitness.com/exercises/dumbbell-front-rack-reverse-lunge","index","true","true","Dumbbell Front-Rack Reverse Lunge Exercise Guide | STHENO Fitness","65","Learn how to perform Dumbbell Front-Rack Reverse Lunge, which muscles it works, common mistakes, and practical coaching cues.","125","Dumbbell Front-Rack Reverse Lunge","","","STHENO Fitness | Personalized Fitness Coaching","Your fitness. Handled. Personalized training, nutrition, and coaching that adapts to real life.","https://www.sthenofitness.com/opengraph-image","summary_large_image","HowTo|Organization","","434","","","36","5",""
"https://www.sthenofitness.com/exercises/dumbbell-front-raise","exercises","200","https://www.sthenofitness.com/exercises/dumbbell-front-raise","index","true","true","Dumbbell Front Raise Exercise Guide | STHENO Fitness","52","Learn how to perform Dumbbell Front Raise, which muscles it works, common mistakes, and practical coaching cues.","112","Dumbbell Front Raise","","","STHENO Fitness | Personalized Fitness Coaching","Your fitness. Handled. Personalized training, nutrition, and coaching that adapts to real life.","https://www.sthenofitness.com/opengraph-image","summary_large_image","HowTo|Organization","","446","","","36","5",""
"https://www.sthenofitness.com/exercises/dumbbell-front-squat","exercises","200","https://www.sthenofitness.com/exercises/dumbbell-front-squat","index","true","true","Dumbbell Front Squat Exercise Guide | STHENO Fitness","52","Learn how to perform Dumbbell Front Squat, which muscles it works, common mistakes, and practical coaching cues.","112","Dumbbell Front Squat","","","STHENO Fitness | Personalized Fitness Coaching","Your fitness. Handled. Personalized training, nutrition, and coaching that adapts to real life.","https://www.sthenofitness.com/opengraph-image","summary_large_image","HowTo|Organization","","428","","","36","5",""
"https://www.sthenofitness.com/exercises/dumbbell-glute-bridge","exercises","200","https://www.sthenofitness.com/exercises/dumbbell-glute-bridge","index","true","true","Dumbbell Glute Bridge Exercise Guide | STHENO Fitness","53","Learn how to perform Dumbbell Glute Bridge, which muscles it works, common mistakes, and practical coaching cues.","113","Dumbbell Glute Bridge","","","STHENO Fitness | Personalized Fitness Coaching","Your fitness. Handled. Personalized training, nutrition, and coaching that adapts to real life.","https://www.sthenofitness.com/opengraph-image","summary_large_image","HowTo|Organization","","428","","","36","5",""
"https://www.sthenofitness.com/exercises/dumbbell-gorilla-row","exercises","200","https://www.sthenofitness.com/exercises/dumbbell-gorilla-row","index","true","true","Dumbbell Gorilla Row Exercise Guide | STHENO Fitness","52","Learn how to perform Dumbbell Gorilla Row, which muscles it works, common mistakes, and practical coaching cues.","112","Dumbbell Gorilla Row","","","STHENO Fitness | Personalized Fitness Coaching","Your fitness. Handled. Personalized training, nutrition, and coaching that adapts to real life.","https://www.sthenofitness.com/opengraph-image","summary_large_image","HowTo|Organization","","426","","","36","5",""
"https://www.sthenofitness.com/exercises/dumbbell-heel-elevated-goblet-squat","exercises","200","https://www.sthenofitness.com/exercises/dumbbell-heel-elevated-goblet-squat","index","true","true","Heel-Elevated Goblet Squat Exercise Guide | STHENO Fitness","58","Learn how to perform Heel-Elevated Goblet Squat, which muscles it works, common mistakes, and practical coaching cues.","118","Heel-Elevated Goblet Squat","","","STHENO Fitness | Personalized Fitness Coaching","Your fitness. Handled. Personalized training, nutrition, and coaching that adapts to real life.","https://www.sthenofitness.com/opengraph-image","summary_large_image","HowTo|Organization","","428","","","36","5",""
"https://www.sthenofitness.com/exercises/dumbbell-hip-hinge","exercises","200","https://www.sthenofitness.com/exercises/dumbbell-hip-hinge","index","true","true","Dumbbell Hip Hinge Exercise Guide | STHENO Fitness","50","Learn how to perform Dumbbell Hip Hinge, which muscles it works, common mistakes, and practical coaching cues.","110","Dumbbell Hip Hinge","","","STHENO Fitness | Personalized Fitness Coaching","Your fitness. Handled. Personalized training, nutrition, and coaching that adapts to real life.","https://www.sthenofitness.com/opengraph-image","summary_large_image","HowTo|Organization","","474","","","30","5",""
"https://www.sthenofitness.com/exercises/dumbbell-hip-thrust","exercises","200","https://www.sthenofitness.com/exercises/dumbbell-hip-thrust","index","true","true","Dumbbell Hip Thrust Exercise Guide | STHENO Fitness","51","Learn how to perform Dumbbell Hip Thrust, which muscles it works, common mistakes, and practical coaching cues.","111","Dumbbell Hip Thrust","","","STHENO Fitness | Personalized Fitness Coaching","Your fitness. Handled. Personalized training, nutrition, and coaching that adapts to real life.","https://www.sthenofitness.com/opengraph-image","summary_large_image","HowTo|Organization","","430","","","36","5",""
"https://www.sthenofitness.com/exercises/dumbbell-jump-squat","exercises","200","https://www.sthenofitness.com/exercises/dumbbell-jump-squat","index","true","true","Dumbbell Jump Squat Exercise Guide | STHENO Fitness","51","Learn how to perform Dumbbell Jump Squat, which muscles it works, common mistakes, and practical coaching cues.","111","Dumbbell Jump Squat","","","STHENO Fitness | Personalized Fitness Coaching","Your fitness. Handled. Personalized training, nutrition, and coaching that adapts to real life.","https://www.sthenofitness.com/opengraph-image","summary_large_image","HowTo|Organization","","500","","","36","5",""
"https://www.sthenofitness.com/exercises/dumbbell-lateral-lunge","exercises","200","https://www.sthenofitness.com/exercises/dumbbell-lateral-lunge","index","true","true","Dumbbell Lateral Lunge Exercise Guide | STHENO Fitness","54","Learn how to perform Dumbbell Lateral Lunge, which muscles it works, common mistakes, and practical coaching cues.","114","Dumbbell Lateral Lunge","","","STHENO Fitness | Personalized Fitness Coaching","Your fitness. Handled. Personalized training, nutrition, and coaching that adapts to real life.","https://www.sthenofitness.com/opengraph-image","summary_large_image","HowTo|Organization","","430","","","36","5",""
"https://www.sthenofitness.com/exercises/dumbbell-lateral-step-up","exercises","200","https://www.sthenofitness.com/exercises/dumbbell-lateral-step-up","index","true","true","Dumbbell Lateral Step-Up Exercise Guide | STHENO Fitness","56","Learn how to perform Dumbbell Lateral Step-Up, which muscles it works, common mistakes, and practical coaching cues.","116","Dumbbell Lateral Step-Up","","","STHENO Fitness | Personalized Fitness Coaching","Your fitness. Handled. Personalized training, nutrition, and coaching that adapts to real life.","https://www.sthenofitness.com/opengraph-image","summary_large_image","HowTo|Organization","","432","","","36","5",""
"https://www.sthenofitness.com/exercises/dumbbell-march-carry","exercises","200","https://www.sthenofitness.com/exercises/dumbbell-march-carry","index","true","true","Dumbbell March Carry Exercise Guide | STHENO Fitness","52","Learn how to perform Dumbbell March Carry, which muscles it works, common mistakes, and practical coaching cues.","112","Dumbbell March Carry","","","STHENO Fitness | Personalized Fitness Coaching","Your fitness. Handled. Personalized training, nutrition, and coaching that adapts to real life.","https://www.sthenofitness.com/opengraph-image","summary_large_image","HowTo|Organization","","424","","","36","5",""
"https://www.sthenofitness.com/exercises/dumbbell-overhead-press","exercises","200","https://www.sthenofitness.com/exercises/dumbbell-overhead-press","index","true","true","Dumbbell Overhead Press Exercise Guide | STHENO Fitness","55","Learn how to perform Dumbbell Overhead Press, which muscles it works, common mistakes, and practical coaching cues.","115","Dumbbell Overhead Press","","","STHENO Fitness | Personalized Fitness Coaching","Your fitness. Handled. Personalized training, nutrition, and coaching that adapts to real life.","https://www.sthenofitness.com/opengraph-image","summary_large_image","HowTo|Organization","","361","","","36","5",""
"https://www.sthenofitness.com/exercises/dumbbell-overhead-standard","exercises","200","https://www.sthenofitness.com/exercises/dumbbell-overhead-standard","index","true","true","Dumbbell Overhead Standard Exercise Guide | STHENO Fitness","58","Learn how to perform Dumbbell Overhead Standard, which muscles it works, common mistakes, and practical coaching cues.","118","Dumbbell Overhead Standard","","","STHENO Fitness | Personalized Fitness Coaching","Your fitness. Handled. Personalized training, nutrition, and coaching that adapts to real life.","https://www.sthenofitness.com/opengraph-image","summary_large_image","HowTo|Organization","","503","","","36","5",""
"https://www.sthenofitness.com/exercises/dumbbell-pullover","exercises","200","https://www.sthenofitness.com/exercises/dumbbell-pullover","index","true","true","Dumbbell Pullover Exercise Guide | STHENO Fitness","49","Learn how to perform Dumbbell Pullover, which muscles it works, common mistakes, and practical coaching cues.","109","Dumbbell Pullover","","","STHENO Fitness | Personalized Fitness Coaching","Your fitness. Handled. Personalized training, nutrition, and coaching that adapts to real life.","https://www.sthenofitness.com/opengraph-image","summary_large_image","HowTo|Organization","","430","","","36","5",""
"https://www.sthenofitness.com/exercises/dumbbell-push-press","exercises","200","https://www.sthenofitness.com/exercises/dumbbell-push-press","index","true","true","Dumbbell Push Press Exercise Guide | STHENO Fitness","51","Learn how to perform Dumbbell Push Press, which muscles it works, common mistakes, and practical coaching cues.","111","Dumbbell Push Press","","","STHENO Fitness | Personalized Fitness Coaching","Your fitness. Handled. Personalized training, nutrition, and coaching that adapts to real life.","https://www.sthenofitness.com/opengraph-image","summary_large_image","HowTo|Organization","","418","","","32","5",""
"https://www.sthenofitness.com/exercises/dumbbell-rdl","exercises","200","https://www.sthenofitness.com/exercises/dumbbell-rdl","index","true","true","Dumbbell Romanian Deadlift Exercise Guide | STHENO Fitness","58","Learn how to perform Dumbbell Romanian Deadlift, which muscles it works, common mistakes, and practical coaching cues.","118","Dumbbell Romanian Deadlift","","","STHENO Fitness | Personalized Fitness Coaching","Your fitness. Handled. Personalized training, nutrition, and coaching that adapts to real life.","https://www.sthenofitness.com/opengraph-image","summary_large_image","HowTo|Organization","","384","","","36","5",""
"https://www.sthenofitness.com/exercises/dumbbell-rear-delt-row","exercises","200","https://www.sthenofitness.com/exercises/dumbbell-rear-delt-row","index","true","true","Dumbbell Rear-Delt Row Exercise Guide | STHENO Fitness","54","Learn how to perform Dumbbell Rear-Delt Row, which muscles it works, common mistakes, and practical coaching cues.","114","Dumbbell Rear-Delt Row","","","STHENO Fitness | Personalized Fitness Coaching","Your fitness. Handled. Personalized training, nutrition, and coaching that adapts to real life.","https://www.sthenofitness.com/opengraph-image","summary_large_image","HowTo|Organization","","428","","","36","5",""
"https://www.sthenofitness.com/exercises/dumbbell-renegade-row","exercises","200","https://www.sthenofitness.com/exercises/dumbbell-renegade-row","index","true","true","Dumbbell Renegade Row Exercise Guide | STHENO Fitness","53","Learn how to perform Dumbbell Renegade Row, which muscles it works, common mistakes, and practical coaching cues.","113","Dumbbell Renegade Row","","","STHENO Fitness | Personalized Fitness Coaching","Your fitness. Handled. Personalized training, nutrition, and coaching that adapts to real life.","https://www.sthenofitness.com/opengraph-image","summary_large_image","HowTo|Organization","","427","","","36","5",""
"https://www.sthenofitness.com/exercises/dumbbell-russian-twist","exercises","200","https://www.sthenofitness.com/exercises/dumbbell-russian-twist","index","true","true","Dumbbell Russian Twist Exercise Guide | STHENO Fitness","54","Learn how to perform Dumbbell Russian Twist, which muscles it works, common mistakes, and practical coaching cues.","114","Dumbbell Russian Twist","","","STHENO Fitness | Personalized Fitness Coaching","Your fitness. Handled. Personalized training, nutrition, and coaching that adapts to real life.","https://www.sthenofitness.com/opengraph-image","summary_large_image","HowTo|Organization","","444","","","36","5",""
"https://www.sthenofitness.com/exercises/dumbbell-shoulder-press","exercises","200","https://www.sthenofitness.com/exercises/dumbbell-shoulder-press","index","true","true","Dumbbell Shoulder Press Exercise Guide | STHENO Fitness","55","Learn how to perform Dumbbell Shoulder Press, which muscles it works, common mistakes, and practical coaching cues.","115","Dumbbell Shoulder Press","","","STHENO Fitness | Personalized Fitness Coaching","Your fitness. Handled. Personalized training, nutrition, and coaching that adapts to real life.","https://www.sthenofitness.com/opengraph-image","summary_large_image","HowTo|Organization","","488","","","36","5",""
"https://www.sthenofitness.com/exercises/dumbbell-shrug","exercises","200","https://www.sthenofitness.com/exercises/dumbbell-shrug","index","true","true","Dumbbell Shrug Exercise Guide | STHENO Fitness","46","Learn how to perform Dumbbell Shrug, which muscles it works, common mistakes, and practical coaching cues.","106","Dumbbell Shrug","","","STHENO Fitness | Personalized Fitness Coaching","Your fitness. Handled. Personalized training, nutrition, and coaching that adapts to real life.","https://www.sthenofitness.com/opengraph-image","summary_large_image","HowTo|Organization","","440","","","36","5",""
"https://www.sthenofitness.com/exercises/dumbbell-single-leg-rdl","exercises","200","https://www.sthenofitness.com/exercises/dumbbell-single-leg-rdl","index","true","true","Dumbbell Single-Leg Romanian Deadlift Exercise Guide | STHENO Fitness","69","Learn how to perform Dumbbell Single-Leg Romanian Deadlift, which muscles it works, common mistakes, and practical coaching cues.","129","Dumbbell Single-Leg Romanian Deadlift","","","STHENO Fitness | Personalized Fitness Coaching","Your fitness. Handled. Personalized training, nutrition, and coaching that adapts to real life.","https://www.sthenofitness.com/opengraph-image","summary_large_image","HowTo|Organization","","435","","","36","5",""
"https://www.sthenofitness.com/exercises/dumbbell-skull-crusher","exercises","200","https://www.sthenofitness.com/exercises/dumbbell-skull-crusher","index","true","true","Dumbbell Lying Triceps Extension Exercise Guide | STHENO Fitness","64","Learn how to perform Dumbbell Lying Triceps Extension, which muscles it works, common mistakes, and practical coaching cues.","124","Dumbbell Lying Triceps Extension","","","STHENO Fitness | Personalized Fitness Coaching","Your fitness. Handled. Personalized training, nutrition, and coaching that adapts to real life.","https://www.sthenofitness.com/opengraph-image","summary_large_image","HowTo|Organization","","435","","","36","5",""
"https://www.sthenofitness.com/exercises/dumbbell-spider-curl","exercises","200","https://www.sthenofitness.com/exercises/dumbbell-spider-curl","index","true","true","Dumbbell Spider Curl Exercise Guide | STHENO Fitness","52","Learn how to perform Dumbbell Spider Curl, which muscles it works, common mistakes, and practical coaching cues.","112","Dumbbell Spider Curl","","","STHENO Fitness | Personalized Fitness Coaching","Your fitness. Handled. Personalized training, nutrition, and coaching that adapts to real life.","https://www.sthenofitness.com/opengraph-image","summary_large_image","HowTo|Organization","","447","","","36","5",""
"https://www.sthenofitness.com/exercises/dumbbell-squeeze-press","exercises","200","https://www.sthenofitness.com/exercises/dumbbell-squeeze-press","index","true","true","Dumbbell Squeeze Press Exercise Guide | STHENO Fitness","54","Learn how to perform Dumbbell Squeeze Press, which muscles it works, common mistakes, and practical coaching cues.","114","Dumbbell Squeeze Press","","","STHENO Fitness | Personalized Fitness Coaching","Your fitness. Handled. Personalized training, nutrition, and coaching that adapts to real life.","https://www.sthenofitness.com/opengraph-image","summary_large_image","HowTo|Organization","","432","","","36","5",""
"https://www.sthenofitness.com/exercises/dumbbell-stiff-leg-deadlift","exercises","200","https://www.sthenofitness.com/exercises/dumbbell-stiff-leg-deadlift","index","true","true","Dumbbell Stiff-Leg Deadlift Exercise Guide | STHENO Fitness","59","Learn how to perform Dumbbell Stiff-Leg Deadlift, which muscles it works, common mistakes, and practical coaching cues.","119","Dumbbell Stiff-Leg Deadlift","","","STHENO Fitness | Personalized Fitness Coaching","Your fitness. Handled. Personalized training, nutrition, and coaching that adapts to real life.","https://www.sthenofitness.com/opengraph-image","summary_large_image","HowTo|Organization","","428","","","36","5",""
"https://www.sthenofitness.com/exercises/dumbbell-sumo-rdl","exercises","200","https://www.sthenofitness.com/exercises/dumbbell-sumo-rdl","index","true","true","Dumbbell Sumo Romanian Deadlift Exercise Guide | STHENO Fitness","63","Learn how to perform Dumbbell Sumo Romanian Deadlift, which muscles it works, common mistakes, and practical coaching cues.","123","Dumbbell Sumo Romanian Deadlift","","","STHENO Fitness | Personalized Fitness Coaching","Your fitness. Handled. Personalized training, nutrition, and coaching that adapts to real life.","https://www.sthenofitness.com/opengraph-image","summary_large_image","HowTo|Organization","","433","","","36","5",""
"https://www.sthenofitness.com/exercises/dumbbell-sumo-squat","exercises","200","https://www.sthenofitness.com/exercises/dumbbell-sumo-squat","index","true","true","Dumbbell Sumo Squat Exercise Guide | STHENO Fitness","51","Learn how to perform Dumbbell Sumo Squat, which muscles it works, common mistakes, and practical coaching cues.","111","Dumbbell Sumo Squat","","","STHENO Fitness | Personalized Fitness Coaching","Your fitness. Handled. Personalized training, nutrition, and coaching that adapts to real life.","https://www.sthenofitness.com/opengraph-image","summary_large_image","HowTo|Organization","","429","","","36","5",""
"https://www.sthenofitness.com/exercises/dumbbell-thruster","exercises","200","https://www.sthenofitness.com/exercises/dumbbell-thruster","index","true","true","Dumbbell Thruster Exercise Guide | STHENO Fitness","49","Learn how to perform Dumbbell Thruster, which muscles it works, common mistakes, and practical coaching cues.","109","Dumbbell Thruster","","","STHENO Fitness | Personalized Fitness Coaching","Your fitness. Handled. Personalized training, nutrition, and coaching that adapts to real life.","https://www.sthenofitness.com/opengraph-image","summary_large_image","HowTo|Organization","","447","","","36","5",""
"https://www.sthenofitness.com/exercises/dumbbell-triceps-kickback","exercises","200","https://www.sthenofitness.com/exercises/dumbbell-triceps-kickback","index","true","true","Dumbbell Triceps Kickback Exercise Guide | STHENO Fitness","57","Learn how to perform Dumbbell Triceps Kickback, which muscles it works, common mistakes, and practical coaching cues.","117","Dumbbell Triceps Kickback","","","STHENO Fitness | Personalized Fitness Coaching","Your fitness. Handled. Personalized training, nutrition, and coaching that adapts to real life.","https://www.sthenofitness.com/opengraph-image","summary_large_image","HowTo|Organization","","446","","","36","5",""
"https://www.sthenofitness.com/exercises/dumbbell-upright-row","exercises","200","https://www.sthenofitness.com/exercises/dumbbell-upright-row","index","true","true","Dumbbell Upright Row Exercise Guide | STHENO Fitness","52","Learn how to perform Dumbbell Upright Row, which muscles it works, common mistakes, and practical coaching cues.","112","Dumbbell Upright Row","","","STHENO Fitness | Personalized Fitness Coaching","Your fitness. Handled. Personalized training, nutrition, and coaching that adapts to real life.","https://www.sthenofitness.com/opengraph-image","summary_large_image","HowTo|Organization","","501","","","36","5",""
"https://www.sthenofitness.com/exercises/dumbbell-weighted-arm-circle","exercises","200","https://www.sthenofitness.com/exercises/dumbbell-weighted-arm-circle","index","true","true","Dumbbell Weighted Arm Circle Exercise Guide | STHENO Fitness","60","Learn how to perform Dumbbell Weighted Arm Circle, which muscles it works, common mistakes, and practical coaching cues.","120","Dumbbell Weighted Arm Circle","","","STHENO Fitness | Personalized Fitness Coaching","Your fitness. Handled. Personalized training, nutrition, and coaching that adapts to real life.","https://www.sthenofitness.com/opengraph-image","summary_large_image","HowTo|Organization","","512","","","36","5",""
"https://www.sthenofitness.com/exercises/dumbbell-y-raise","exercises","200","https://www.sthenofitness.com/exercises/dumbbell-y-raise","index","true","true","Dumbbell Y-Raise Exercise Guide | STHENO Fitness","48","Learn how to perform Dumbbell Y-Raise, which muscles it works, common mistakes, and practical coaching cues.","108","Dumbbell Y-Raise","","","STHENO Fitness | Personalized Fitness Coaching","Your fitness. Handled. Personalized training, nutrition, and coaching that adapts to real life.","https://www.sthenofitness.com/opengraph-image","summary_large_image","HowTo|Organization","","456","","","36","5",""
"https://www.sthenofitness.com/exercises/dumbbell-zottman-curl","exercises","200","https://www.sthenofitness.com/exercises/dumbbell-zottman-curl","index","true","true","Dumbbell Zottman Curl Exercise Guide | STHENO Fitness","53","Learn how to perform Dumbbell Zottman Curl, which muscles it works, common mistakes, and practical coaching cues.","113","Dumbbell Zottman Curl","","","STHENO Fitness | Personalized Fitness Coaching","Your fitness. Handled. Personalized training, nutrition, and coaching that adapts to real life.","https://www.sthenofitness.com/opengraph-image","summary_large_image","HowTo|Organization","","427","","","36","5",""
"https://www.sthenofitness.com/exercises/dynamic-arms-stretch","exercises","200","https://www.sthenofitness.com/exercises/dynamic-arms-stretch","index","true","true","Dynamic Arms Stretch Exercise Guide | STHENO Fitness","52","Learn how to perform Dynamic Arms Stretch, which muscles it works, common mistakes, and practical coaching cues.","112","Dynamic Arms Stretch","","","STHENO Fitness | Personalized Fitness Coaching","Your fitness. Handled. Personalized training, nutrition, and coaching that adapts to real life.","https://www.sthenofitness.com/opengraph-image","summary_large_image","HowTo|Organization","","477","","","36","5",""
"https://www.sthenofitness.com/exercises/dynamic-overhead-arm-sweep","exercises","200","https://www.sthenofitness.com/exercises/dynamic-overhead-arm-sweep","index","true","true","Dynamic Overhead Arm Sweep Exercise Guide | STHENO Fitness","58","Learn how to perform Dynamic Overhead Arm Sweep, which muscles it works, common mistakes, and practical coaching cues.","118","Dynamic Overhead Arm Sweep","","","STHENO Fitness | Personalized Fitness Coaching","Your fitness. Handled. Personalized training, nutrition, and coaching that adapts to real life.","https://www.sthenofitness.com/opengraph-image","summary_large_image","HowTo|Organization","","484","","","36","5",""
"https://www.sthenofitness.com/exercises/dynamic-stretch","exercises","200","https://www.sthenofitness.com/exercises/dynamic-stretch","index","true","true","Dynamic Stretch Exercise Guide | STHENO Fitness","47","Learn how to perform Dynamic Stretch, which muscles it works, common mistakes, and practical coaching cues.","107","Dynamic Stretch","","","STHENO Fitness | Personalized Fitness Coaching","Your fitness. Handled. Personalized training, nutrition, and coaching that adapts to real life.","https://www.sthenofitness.com/opengraph-image","summary_large_image","HowTo|Organization","","502","","","36","5",""
"https://www.sthenofitness.com/exercises/dynamic-upper-body-stretch","exercises","200","https://www.sthenofitness.com/exercises/dynamic-upper-body-stretch","index","true","true","Dynamic Upper Body Stretch Exercise Guide | STHENO Fitness","58","Learn how to perform Dynamic Upper Body Stretch, which muscles it works, common mistakes, and practical coaching cues.","118","Dynamic Upper Body Stretch","","","STHENO Fitness | Personalized Fitness Coaching","Your fitness. Handled. Personalized training, nutrition, and coaching that adapts to real life.","https://www.sthenofitness.com/opengraph-image","summary_large_image","HowTo|Organization","","482","","","35","5",""
"https://www.sthenofitness.com/exercises/eccentric-chin-up","exercises","200","https://www.sthenofitness.com/exercises/eccentric-chin-up","index","true","true","Eccentric Chin-Up Exercise Guide | STHENO Fitness","49","Learn how to perform Eccentric Chin-Up, which muscles it works, common mistakes, and practical coaching cues.","109","Eccentric Chin-Up","","","STHENO Fitness | Personalized Fitness Coaching","Your fitness. Handled. Personalized training, nutrition, and coaching that adapts to real life.","https://www.sthenofitness.com/opengraph-image","summary_large_image","HowTo|Organization","","423","","","34","5",""
"https://www.sthenofitness.com/exercises/elliptical-hiit-machine","exercises","200","https://www.sthenofitness.com/exercises/elliptical-hiit-machine","index","true","true","Elliptical Hiit Machine Exercise Guide | STHENO Fitness","55","Learn how to perform Elliptical Hiit Machine, which muscles it works, common mistakes, and practical coaching cues.","115","Elliptical Hiit Machine","","","STHENO Fitness | Personalized Fitness Coaching","Your fitness. Handled. Personalized training, nutrition, and coaching that adapts to real life.","https://www.sthenofitness.com/opengraph-image","summary_large_image","HowTo|Organization","","500","","","36","5",""
"https://www.sthenofitness.com/exercises/ez-bar-bicepss-curl","exercises","200","https://www.sthenofitness.com/exercises/ez-bar-bicepss-curl","index","true","true","EZ Bar Biceps Curl Exercise Guide | STHENO Fitness","50","Learn how to perform EZ Bar Biceps Curl, which muscles it works, common mistakes, and practical coaching cues.","110","EZ Bar Biceps Curl","","","STHENO Fitness | Personalized Fitness Coaching","Your fitness. Handled. Personalized training, nutrition, and coaching that adapts to real life.","https://www.sthenofitness.com/opengraph-image","summary_large_image","HowTo|Organization","","462","","","36","5",""
"https://www.sthenofitness.com/exercises/ez-bar-curl","exercises","200","https://www.sthenofitness.com/exercises/ez-bar-curl","index","true","true","EZ Bar Curl Exercise Guide | STHENO Fitness","43","Learn how to perform EZ Bar Curl, which muscles it works, common mistakes, and practical coaching cues.","103","EZ Bar Curl","","","STHENO Fitness | Personalized Fitness Coaching","Your fitness. Handled. Personalized training, nutrition, and coaching that adapts to real life.","https://www.sthenofitness.com/opengraph-image","summary_large_image","HowTo|Organization","","454","","","36","5",""
"https://www.sthenofitness.com/exercises/face-pull","exercises","200","https://www.sthenofitness.com/exercises/face-pull","index","true","true","Cable Face Pull Exercise Guide | STHENO Fitness","47","Learn how to perform Cable Face Pull, which muscles it works, common mistakes, and practical coaching cues.","107","Cable Face Pull","","","STHENO Fitness | Personalized Fitness Coaching","Your fitness. Handled. Personalized training, nutrition, and coaching that adapts to real life.","https://www.sthenofitness.com/opengraph-image","summary_large_image","HowTo|Organization","","441","","","36","5",""
"https://www.sthenofitness.com/exercises/farmers-carry-dumbbell","exercises","200","https://www.sthenofitness.com/exercises/farmers-carry-dumbbell","index","true","true","Dumbbell Farmer s Carry Exercise Guide | STHENO Fitness","55","Learn how to perform Dumbbell Farmer&#x27;s Carry, which muscles it works, common mistakes, and practical coaching cues.","120","Dumbbell Farmer s Carry","","","STHENO Fitness | Personalized Fitness Coaching","Your fitness. Handled. Personalized training, nutrition, and coaching that adapts to real life.","https://www.sthenofitness.com/opengraph-image","summary_large_image","HowTo|Organization","","418","","","36","5",""
"https://www.sthenofitness.com/exercises/fast-feet-sprint-low-stance","exercises","200","https://www.sthenofitness.com/exercises/fast-feet-sprint-low-stance","index","true","true","Fast Feet Sprint (Low Stance) Exercise Guide | STHENO Fitness","61","Learn how to perform Fast Feet Sprint (Low Stance), which muscles it works, common mistakes, and practical coaching cues.","121","Fast Feet Sprint (Low Stance)","","","STHENO Fitness | Personalized Fitness Coaching","Your fitness. Handled. Personalized training, nutrition, and coaching that adapts to real life.","https://www.sthenofitness.com/opengraph-image","summary_large_image","HowTo|Organization","","518","","","36","5",""
"https://www.sthenofitness.com/exercises/feet-elevated-glute-bridge","exercises","200","https://www.sthenofitness.com/exercises/feet-elevated-glute-bridge","index","true","true","Feet-Elevated Glute Bridge Exercise Guide | STHENO Fitness","58","Learn how to perform Feet-Elevated Glute Bridge, which muscles it works, common mistakes, and practical coaching cues.","118","Feet-Elevated Glute Bridge","","","STHENO Fitness | Personalized Fitness Coaching","Your fitness. Handled. Personalized training, nutrition, and coaching that adapts to real life.","https://www.sthenofitness.com/opengraph-image","summary_large_image","HowTo|Organization","","443","","","36","5",""
"https://www.sthenofitness.com/exercises/fingers-pushup","exercises","200","https://www.sthenofitness.com/exercises/fingers-pushup","index","true","true","Fingers Push-Up Exercise Guide | STHENO Fitness","47","Learn how to perform Fingers Push-Up, which muscles it works, common mistakes, and practical coaching cues.","107","Fingers Push-Up","","","STHENO Fitness | Personalized Fitness Coaching","Your fitness. Handled. Personalized training, nutrition, and coaching that adapts to real life.","https://www.sthenofitness.com/opengraph-image","summary_large_image","HowTo|Organization","","508","","","36","5",""
"https://www.sthenofitness.com/exercises/fire-hydrant","exercises","200","https://www.sthenofitness.com/exercises/fire-hydrant","index","true","true","Fire Hydrant Exercise Guide | STHENO Fitness","44","Learn how to perform Fire Hydrant, which muscles it works, common mistakes, and practical coaching cues.","104","Fire Hydrant","","","STHENO Fitness | Personalized Fitness Coaching","Your fitness. Handled. Personalized training, nutrition, and coaching that adapts to real life.","https://www.sthenofitness.com/opengraph-image","summary_large_image","HowTo|Organization","","452","","","36","5",""
"https://www.sthenofitness.com/exercises/flutter-kick","exercises","200","https://www.sthenofitness.com/exercises/flutter-kick","index","true","true","Flutter Kick Exercise Guide | STHENO Fitness","44","Learn how to perform Flutter Kick, which muscles it works, common mistakes, and practical coaching cues.","104","Flutter Kick","","","STHENO Fitness | Personalized Fitness Coaching","Your fitness. Handled. Personalized training, nutrition, and coaching that adapts to real life.","https://www.sthenofitness.com/opengraph-image","summary_large_image","HowTo|Organization","","497","","","36","5",""
"https://www.sthenofitness.com/exercises/fold-with-hinge","exercises","200","https://www.sthenofitness.com/exercises/fold-with-hinge","index","true","true","Fold With Hinge Exercise Guide | STHENO Fitness","47","Learn how to perform Fold With Hinge, which muscles it works, common mistakes, and practical coaching cues.","107","Fold With Hinge","","","STHENO Fitness | Personalized Fitness Coaching","Your fitness. Handled. Personalized training, nutrition, and coaching that adapts to real life.","https://www.sthenofitness.com/opengraph-image","summary_large_image","HowTo|Organization","","508","","","36","5",""
"https://www.sthenofitness.com/exercises/forearm-plank","exercises","200","https://www.sthenofitness.com/exercises/forearm-plank","index","true","true","Forearm Plank Exercise Guide | STHENO Fitness","45","Learn how to perform Forearm Plank, which muscles it works, common mistakes, and practical coaching cues.","105","Forearm Plank","","","STHENO Fitness | Personalized Fitness Coaching","Your fitness. Handled. Personalized training, nutrition, and coaching that adapts to real life.","https://www.sthenofitness.com/opengraph-image","summary_large_image","HowTo|Organization","","431","","","36","5",""
"https://www.sthenofitness.com/exercises/forward-lunges","exercises","200","https://www.sthenofitness.com/exercises/forward-lunges","index","true","true","Forward Lunges Exercise Guide | STHENO Fitness","46","Learn how to perform Forward Lunges, which muscles it works, common mistakes, and practical coaching cues.","106","Forward Lunges","","","STHENO Fitness | Personalized Fitness Coaching","Your fitness. Handled. Personalized training, nutrition, and coaching that adapts to real life.","https://www.sthenofitness.com/opengraph-image","summary_large_image","HowTo|Organization","","482","","","36","5",""
"https://www.sthenofitness.com/exercises/front-foot-elevated-barbell-split-squat","exercises","200","https://www.sthenofitness.com/exercises/front-foot-elevated-barbell-split-squat","index","true","true","Front-Foot-Elevated Barbell Split Squat Exercise Guide | STHENO Fitness","71","Learn how to perform Front-Foot-Elevated Barbell Split Squat, which muscles it works, common mistakes, and practical coaching cues.","131","Front-Foot-Elevated Barbell Split Squat","","","STHENO Fitness | Personalized Fitness Coaching","Your fitness. Handled. Personalized training, nutrition, and coaching that adapts to real life.","https://www.sthenofitness.com/opengraph-image","summary_large_image","HowTo|Organization","","440","","","36","5",""
"https://www.sthenofitness.com/exercises/front-rack-dumbbell-march","exercises","200","https://www.sthenofitness.com/exercises/front-rack-dumbbell-march","index","true","true","Front-Rack Dumbbell March Exercise Guide | STHENO Fitness","57","Learn how to perform Front-Rack Dumbbell March, which muscles it works, common mistakes, and practical coaching cues.","117","Front-Rack Dumbbell March","","","STHENO Fitness | Personalized Fitness Coaching","Your fitness. Handled. Personalized training, nutrition, and coaching that adapts to real life.","https://www.sthenofitness.com/opengraph-image","summary_large_image","HowTo|Organization","","421","","","35","5",""
"https://www.sthenofitness.com/exercises/front-raise-weighted-plate","exercises","200","https://www.sthenofitness.com/exercises/front-raise-weighted-plate","index","true","true","Front Raise (Weighted Plate) Exercise Guide | STHENO Fitness","60","Learn how to perform Front Raise (Weighted Plate), which muscles it works, common mistakes, and practical coaching cues.","120","Front Raise (Weighted Plate)","","","STHENO Fitness | Personalized Fitness Coaching","Your fitness. Handled. Personalized training, nutrition, and coaching that adapts to real life.","https://www.sthenofitness.com/opengraph-image","summary_large_image","HowTo|Organization","","510","","","36","5",""
"https://www.sthenofitness.com/exercises/full-wheel-entry-wheel-prep-bridge","exercises","200","https://www.sthenofitness.com/exercises/full-wheel-entry-wheel-prep-bridge","index","true","true","Full Wheel Entry - Wheel Prep Bridge Exercise Guide | STHENO Fitness","68","Learn how to perform Full Wheel Entry - Wheel Prep Bridge, which muscles it works, common mistakes, and practical coaching cues.","128","Full Wheel Entry - Wheel Prep Bridge","","","STHENO Fitness | Personalized Fitness Coaching","Your fitness. Handled. Personalized training, nutrition, and coaching that adapts to real life.","https://www.sthenofitness.com/opengraph-image","summary_large_image","HowTo|Organization","","518","","","36","5",""
"https://www.sthenofitness.com/exercises/gentle-fold-seated-forward-fold","exercises","200","https://www.sthenofitness.com/exercises/gentle-fold-seated-forward-fold","index","true","true","Gentle Fold Seated Forward Fold Exercise Guide | STHENO Fitness","63","Learn how to perform Gentle Fold Seated Forward Fold, which muscles it works, common mistakes, and practical coaching cues.","123","Gentle Fold Seated Forward Fold","","","STHENO Fitness | Personalized Fitness Coaching","Your fitness. Handled. Personalized training, nutrition, and coaching that adapts to real life.","https://www.sthenofitness.com/opengraph-image","summary_large_image","HowTo|Organization","","519","","","36","5",""
"https://www.sthenofitness.com/exercises/glute-drive-machine","exercises","200","https://www.sthenofitness.com/exercises/glute-drive-machine","index","true","true","Glute Drive Machine Exercise Guide | STHENO Fitness","51","Learn how to perform Glute Drive Machine, which muscles it works, common mistakes, and practical coaching cues.","111","Glute Drive Machine","","","STHENO Fitness | Personalized Fitness Coaching","Your fitness. Handled. Personalized training, nutrition, and coaching that adapts to real life.","https://www.sthenofitness.com/opengraph-image","summary_large_image","HowTo|Organization","","418","","","36","5",""
"https://www.sthenofitness.com/exercises/goblet-squat","exercises","200","https://www.sthenofitness.com/exercises/goblet-squat","index","true","true","Goblet Squat Exercise Guide | STHENO Fitness","44","Learn how to perform Goblet Squat, which muscles it works, common mistakes, and practical coaching cues.","104","Goblet Squat","","","STHENO Fitness | Personalized Fitness Coaching","Your fitness. Handled. Personalized training, nutrition, and coaching that adapts to real life.","https://www.sthenofitness.com/opengraph-image","summary_large_image","HowTo|Organization","","383","","","36","5",""
"https://www.sthenofitness.com/exercises/hack-squat-machine","exercises","200","https://www.sthenofitness.com/exercises/hack-squat-machine","index","true","true","Hack Squat Machine Exercise Guide | STHENO Fitness","50","Learn how to perform Hack Squat Machine, which muscles it works, common mistakes, and practical coaching cues.","110","Hack Squat Machine","","","STHENO Fitness | Personalized Fitness Coaching","Your fitness. Handled. Personalized training, nutrition, and coaching that adapts to real life.","https://www.sthenofitness.com/opengraph-image","summary_large_image","HowTo|Organization","","436","","","36","5",""
"https://www.sthenofitness.com/exercises/half-kneeling-single-arm-band-press","exercises","200","https://www.sthenofitness.com/exercises/half-kneeling-single-arm-band-press","index","true","true","Half-Kneeling Single-Arm Band Overhead Press Exercise Guide | STHENO Fitness","76","Learn how to perform Half-Kneeling Single-Arm Band Overhead Press, which muscles it works, common mistakes, and practical coaching cues.","136","Half-Kneeling Single-Arm Band Overhead Press","","","STHENO Fitness | Personalized Fitness Coaching","Your fitness. Handled. Personalized training, nutrition, and coaching that adapts to real life.","https://www.sthenofitness.com/opengraph-image","summary_large_image","HowTo|Organization","","429","","","36","5",""
"https://www.sthenofitness.com/exercises/half-kneeling-single-arm-band-pulldown","exercises","200","https://www.sthenofitness.com/exercises/half-kneeling-single-arm-band-pulldown","index","true","true","Half-Kneeling Single-Arm Band Pulldown Exercise Guide | STHENO Fitness","70","Learn how to perform Half-Kneeling Single-Arm Band Pulldown, which muscles it works, common mistakes, and practical coaching cues.","130","Half-Kneeling Single-Arm Band Pulldown","","","STHENO Fitness | Personalized Fitness Coaching","Your fitness. Handled. Personalized training, nutrition, and coaching that adapts to real life.","https://www.sthenofitness.com/opengraph-image","summary_large_image","HowTo|Organization","","419","","","36","5",""
"https://www.sthenofitness.com/exercises/half-lift-transition-yoga","exercises","200","https://www.sthenofitness.com/exercises/half-lift-transition-yoga","index","true","true","Half Lift Transition Yoga Exercise Guide | STHENO Fitness","57","Learn how to perform Half Lift Transition Yoga, which muscles it works, common mistakes, and practical coaching cues.","117","Half Lift Transition Yoga","","","STHENO Fitness | Personalized Fitness Coaching","Your fitness. Handled. Personalized training, nutrition, and coaching that adapts to real life.","https://www.sthenofitness.com/opengraph-image","summary_large_image","HowTo|Organization","","518","","","36","5",""
"https://www.sthenofitness.com/exercises/half-reverse-crunch","exercises","200","https://www.sthenofitness.com/exercises/half-reverse-crunch","index","true","true","Half Reverse Crunch Exercise Guide | STHENO Fitness","51","Learn how to perform Half Reverse Crunch, which muscles it works, common mistakes, and practical coaching cues.","111","Half Reverse Crunch","","","STHENO Fitness | Personalized Fitness Coaching","Your fitness. Handled. Personalized training, nutrition, and coaching that adapts to real life.","https://www.sthenofitness.com/opengraph-image","summary_large_image","HowTo|Organization","","503","","","36","5",""
"https://www.sthenofitness.com/exercises/half-sit-ups","exercises","200","https://www.sthenofitness.com/exercises/half-sit-ups","index","true","true","Half Sit Ups Exercise Guide | STHENO Fitness","44","Learn how to perform Half Sit Ups, which muscles it works, common mistakes, and practical coaching cues.","104","Half Sit Ups","","","STHENO Fitness | Personalized Fitness Coaching","Your fitness. Handled. Personalized training, nutrition, and coaching that adapts to real life.","https://www.sthenofitness.com/opengraph-image","summary_large_image","HowTo|Organization","","505","","","36","5",""
"https://www.sthenofitness.com/exercises/hammer-curl","exercises","200","https://www.sthenofitness.com/exercises/hammer-curl","index","true","true","Dumbbell Hammer Curl Exercise Guide | STHENO Fitness","52","Learn how to perform Dumbbell Hammer Curl, which muscles it works, common mistakes, and practical coaching cues.","112","Dumbbell Hammer Curl","","","STHENO Fitness | Personalized Fitness Coaching","Your fitness. Handled. Personalized training, nutrition, and coaching that adapts to real life.","https://www.sthenofitness.com/opengraph-image","summary_large_image","HowTo|Organization","","432","","","36","5",""
"https://www.sthenofitness.com/exercises/hammer-raise-front","exercises","200","https://www.sthenofitness.com/exercises/hammer-raise-front","index","true","true","Hammer Raise Front Exercise Guide | STHENO Fitness","50","Learn how to perform Hammer Raise Front, which muscles it works, common mistakes, and practical coaching cues.","110","Hammer Raise Front","","","STHENO Fitness | Personalized Fitness Coaching","Your fitness. Handled. Personalized training, nutrition, and coaching that adapts to real life.","https://www.sthenofitness.com/opengraph-image","summary_large_image","HowTo|Organization","","502","","","36","5",""
"https://www.sthenofitness.com/exercises/hamstring-stretch","exercises","200","https://www.sthenofitness.com/exercises/hamstring-stretch","index","true","true","Hamstring Stretch Exercise Guide | STHENO Fitness","49","Learn how to perform Hamstring Stretch, which muscles it works, common mistakes, and practical coaching cues.","109","Hamstring Stretch","","","STHENO Fitness | Personalized Fitness Coaching","Your fitness. Handled. Personalized training, nutrition, and coaching that adapts to real life.","https://www.sthenofitness.com/opengraph-image","summary_large_image","HowTo|Organization","","471","","","36","5",""
"https://www.sthenofitness.com/exercises/handstand-pushup","exercises","200","https://www.sthenofitness.com/exercises/handstand-pushup","index","true","true","Handstand Push-Up Exercise Guide | STHENO Fitness","49","Learn how to perform Handstand Push-Up, which muscles it works, common mistakes, and practical coaching cues.","109","Handstand Push-Up","","","STHENO Fitness | Personalized Fitness Coaching","Your fitness. Handled. Personalized training, nutrition, and coaching that adapts to real life.","https://www.sthenofitness.com/opengraph-image","summary_large_image","HowTo|Organization","","443","","","36","5",""
"https://www.sthenofitness.com/exercises/hanging-knee-raise-captain-s-chair","exercises","200","https://www.sthenofitness.com/exercises/hanging-knee-raise-captain-s-chair","index","true","true","Hanging Knee Raise (Captain S Chair) Exercise Guide | STHENO Fitness","68","Learn how to perform Hanging Knee Raise (Captain&#x27;S Chair), which muscles it works, common mistakes, and practical coaching cues.","133","Hanging Knee Raise (Captain S Chair)","","","STHENO Fitness | Personalized Fitness Coaching","Your fitness. Handled. Personalized training, nutrition, and coaching that adapts to real life.","https://www.sthenofitness.com/opengraph-image","summary_large_image","HowTo|Organization","","472","","","36","5",""
"https://www.sthenofitness.com/exercises/hanging-leg-raise","exercises","200","https://www.sthenofitness.com/exercises/hanging-leg-raise","index","true","true","Hanging Leg Raise Exercise Guide | STHENO Fitness","49","Learn how to perform Hanging Leg Raise, which muscles it works, common mistakes, and practical coaching cues.","109","Hanging Leg Raise","","","STHENO Fitness | Personalized Fitness Coaching","Your fitness. Handled. Personalized training, nutrition, and coaching that adapts to real life.","https://www.sthenofitness.com/opengraph-image","summary_large_image","HowTo|Organization","","504","","","36","5",""
"https://www.sthenofitness.com/exercises/hanging-leg-raises","exercises","200","https://www.sthenofitness.com/exercises/hanging-leg-raises","index","true","true","Hanging Leg Raises Exercise Guide | STHENO Fitness","50","Learn how to perform Hanging Leg Raises, which muscles it works, common mistakes, and practical coaching cues.","110","Hanging Leg Raises","","","STHENO Fitness | Personalized Fitness Coaching","Your fitness. Handled. Personalized training, nutrition, and coaching that adapts to real life.","https://www.sthenofitness.com/opengraph-image","summary_large_image","HowTo|Organization","","510","","","36","5",""
"https://www.sthenofitness.com/exercises/heel-tap-crunch","exercises","200","https://www.sthenofitness.com/exercises/heel-tap-crunch","index","true","true","Alternating Heel Tap Exercise Guide | STHENO Fitness","52","Learn how to perform Alternating Heel Tap, which muscles it works, common mistakes, and practical coaching cues.","112","Alternating Heel Tap","","","STHENO Fitness | Personalized Fitness Coaching","Your fitness. Handled. Personalized training, nutrition, and coaching that adapts to real life.","https://www.sthenofitness.com/opengraph-image","summary_large_image","HowTo|Organization","","437","","","36","5",""
"https://www.sthenofitness.com/exercises/high-knee","exercises","200","https://www.sthenofitness.com/exercises/high-knee","index","true","true","High Knee Exercise Guide | STHENO Fitness","41","Learn how to perform High Knee, which muscles it works, common mistakes, and practical coaching cues.","101","High Knee","","","STHENO Fitness | Personalized Fitness Coaching","Your fitness. Handled. Personalized training, nutrition, and coaching that adapts to real life.","https://www.sthenofitness.com/opengraph-image","summary_large_image","HowTo|Organization","","491","","","36","5",""
"https://www.sthenofitness.com/exercises/high-knee-butt-kick","exercises","200","https://www.sthenofitness.com/exercises/high-knee-butt-kick","index","true","true","High Knee Butt Kick Exercise Guide | STHENO Fitness","51","Learn how to perform High Knee Butt Kick, which muscles it works, common mistakes, and practical coaching cues.","111","High Knee Butt Kick","","","STHENO Fitness | Personalized Fitness Coaching","Your fitness. Handled. Personalized training, nutrition, and coaching that adapts to real life.","https://www.sthenofitness.com/opengraph-image","summary_large_image","HowTo|Organization","","520","","","36","5",""
"https://www.sthenofitness.com/exercises/high-knee-cardio","exercises","200","https://www.sthenofitness.com/exercises/high-knee-cardio","index","true","true","High Knee Cardio Exercise Guide | STHENO Fitness","48","Learn how to perform High Knee Cardio, which muscles it works, common mistakes, and practical coaching cues.","108","High Knee Cardio","","","STHENO Fitness | Personalized Fitness Coaching","Your fitness. Handled. Personalized training, nutrition, and coaching that adapts to real life.","https://www.sthenofitness.com/opengraph-image","summary_large_image","HowTo|Organization","","515","","","36","5",""
"https://www.sthenofitness.com/exercises/high-plank","exercises","200","https://www.sthenofitness.com/exercises/high-plank","index","true","true","High Plank Exercise Guide | STHENO Fitness","42","Learn how to perform High Plank, which muscles it works, common mistakes, and practical coaching cues.","102","High Plank","","","STHENO Fitness | Personalized Fitness Coaching","Your fitness. Handled. Personalized training, nutrition, and coaching that adapts to real life.","https://www.sthenofitness.com/opengraph-image","summary_large_image","HowTo|Organization","","450","","","36","5",""
"https://www.sthenofitness.com/exercises/high-plank-shoulder-tap","exercises","200","https://www.sthenofitness.com/exercises/high-plank-shoulder-tap","index","true","true","High-Plank Shoulder Tap Exercise Guide | STHENO Fitness","55","Learn how to perform High-Plank Shoulder Tap, which muscles it works, common mistakes, and practical coaching cues.","115","High-Plank Shoulder Tap","","","STHENO Fitness | Personalized Fitness Coaching","Your fitness. Handled. Personalized training, nutrition, and coaching that adapts to real life.","https://www.sthenofitness.com/opengraph-image","summary_large_image","HowTo|Organization","","435","","","36","5",""
"https://www.sthenofitness.com/exercises/hip-circle-version-2","exercises","200","https://www.sthenofitness.com/exercises/hip-circle-version-2","index","true","true","Hip Circle Version 2 Exercise Guide | STHENO Fitness","52","Learn how to perform Hip Circle Version 2, which muscles it works, common mistakes, and practical coaching cues.","112","Hip Circle Version 2","","","STHENO Fitness | Personalized Fitness Coaching","Your fitness. Handled. Personalized training, nutrition, and coaching that adapts to real life.","https://www.sthenofitness.com/opengraph-image","summary_large_image","HowTo|Organization","","479","","","36","5",""
"https://www.sthenofitness.com/exercises/hip-flexor-stretch-kneeling","exercises","200","https://www.sthenofitness.com/exercises/hip-flexor-stretch-kneeling","index","true","true","Hip Flexor Stretch (Kneeling) Exercise Guide | STHENO Fitness","61","Learn how to perform Hip Flexor Stretch (Kneeling), which muscles it works, common mistakes, and practical coaching cues.","121","Hip Flexor Stretch (Kneeling)","","","STHENO Fitness | Personalized Fitness Coaching","Your fitness. Handled. Personalized training, nutrition, and coaching that adapts to real life.","https://www.sthenofitness.com/opengraph-image","summary_large_image","HowTo|Organization","","515","","","36","5",""
"https://www.sthenofitness.com/exercises/hip-stretch","exercises","200","https://www.sthenofitness.com/exercises/hip-stretch","index","true","true","Hip Stretch Exercise Guide | STHENO Fitness","43","Learn how to perform Hip Stretch, which muscles it works, common mistakes, and practical coaching cues.","103","Hip Stretch","","","STHENO Fitness | Personalized Fitness Coaching","Your fitness. Handled. Personalized training, nutrition, and coaching that adapts to real life.","https://www.sthenofitness.com/opengraph-image","summary_large_image","HowTo|Organization","","468","","","36","5",""
"https://www.sthenofitness.com/exercises/hip-thrust","exercises","200","https://www.sthenofitness.com/exercises/hip-thrust","index","true","true","Hip Thrust Exercise Guide | STHENO Fitness","42","Learn how to perform Hip Thrust, which muscles it works, common mistakes, and practical coaching cues.","102","Hip Thrust","","","STHENO Fitness | Personalized Fitness Coaching","Your fitness. Handled. Personalized training, nutrition, and coaching that adapts to real life.","https://www.sthenofitness.com/opengraph-image","summary_large_image","HowTo|Organization","","368","","","36","5",""
"https://www.sthenofitness.com/exercises/hips-flexor-lunges","exercises","200","https://www.sthenofitness.com/exercises/hips-flexor-lunges","index","true","true","Hips Flexor Lunges Exercise Guide | STHENO Fitness","50","Learn how to perform Hips Flexor Lunges, which muscles it works, common mistakes, and practical coaching cues.","110","Hips Flexor Lunges","","","STHENO Fitness | Personalized Fitness Coaching","Your fitness. Handled. Personalized training, nutrition, and coaching that adapts to real life.","https://www.sthenofitness.com/opengraph-image","summary_large_image","HowTo|Organization","","497","","","36","5",""
"https://www.sthenofitness.com/exercises/hollow-body-hold","exercises","200","https://www.sthenofitness.com/exercises/hollow-body-hold","index","true","true","Hollow Body Hold Exercise Guide | STHENO Fitness","48","Learn how to perform Hollow Body Hold, which muscles it works, common mistakes, and practical coaching cues.","108","Hollow Body Hold","","","STHENO Fitness | Personalized Fitness Coaching","Your fitness. Handled. Personalized training, nutrition, and coaching that adapts to real life.","https://www.sthenofitness.com/opengraph-image","summary_large_image","HowTo|Organization","","467","","","36","5",""
"https://www.sthenofitness.com/exercises/hollow-body-tuck-hold","exercises","200","https://www.sthenofitness.com/exercises/hollow-body-tuck-hold","index","true","true","Tuck Hollow Hold Exercise Guide | STHENO Fitness","48","Learn how to perform Tuck Hollow Hold, which muscles it works, common mistakes, and practical coaching cues.","108","Tuck Hollow Hold","","","STHENO Fitness | Personalized Fitness Coaching","Your fitness. Handled. Personalized training, nutrition, and coaching that adapts to real life.","https://www.sthenofitness.com/opengraph-image","summary_large_image","HowTo|Organization","","440","","","36","5",""
"https://www.sthenofitness.com/exercises/inchworm-walkout","exercises","200","https://www.sthenofitness.com/exercises/inchworm-walkout","index","true","true","Inchworm Walkout Exercise Guide | STHENO Fitness","48","Learn how to perform Inchworm Walkout, which muscles it works, common mistakes, and practical coaching cues.","108","Inchworm Walkout","","","STHENO Fitness | Personalized Fitness Coaching","Your fitness. Handled. Personalized training, nutrition, and coaching that adapts to real life.","https://www.sthenofitness.com/opengraph-image","summary_large_image","HowTo|Organization","","511","","","36","5",""
"https://www.sthenofitness.com/exercises/incline-barbell-bench-press","exercises","200","https://www.sthenofitness.com/exercises/incline-barbell-bench-press","index","true","true","Incline Barbell Bench Press Exercise Guide | STHENO Fitness","59","Learn how to perform Incline Barbell Bench Press, which muscles it works, common mistakes, and practical coaching cues.","119","Incline Barbell Bench Press","","","STHENO Fitness | Personalized Fitness Coaching","Your fitness. Handled. Personalized training, nutrition, and coaching that adapts to real life.","https://www.sthenofitness.com/opengraph-image","summary_large_image","HowTo|Organization","","453","","","36","5",""
"https://www.sthenofitness.com/exercises/incline-cable-chest-press","exercises","200","https://www.sthenofitness.com/exercises/incline-cable-chest-press","index","true","true","Incline Cable Chest Press Exercise Guide | STHENO Fitness","57","Learn how to perform Incline Cable Chest Press, which muscles it works, common mistakes, and practical coaching cues.","117","Incline Cable Chest Press","","","STHENO Fitness | Personalized Fitness Coaching","Your fitness. Handled. Personalized training, nutrition, and coaching that adapts to real life.","https://www.sthenofitness.com/opengraph-image","summary_large_image","HowTo|Organization","","442","","","36","5",""
"https://www.sthenofitness.com/exercises/incline-chest-press-machine","exercises","200","https://www.sthenofitness.com/exercises/incline-chest-press-machine","index","true","true","Incline Chest Press Machine Exercise Guide | STHENO Fitness","59","Learn how to perform Incline Chest Press Machine, which muscles it works, common mistakes, and practical coaching cues.","119","Incline Chest Press Machine","","","STHENO Fitness | Personalized Fitness Coaching","Your fitness. Handled. Personalized training, nutrition, and coaching that adapts to real life.","https://www.sthenofitness.com/opengraph-image","summary_large_image","HowTo|Organization","","438","","","36","5",""
"https://www.sthenofitness.com/exercises/incline-close-grip-barbell-bench-press","exercises","200","https://www.sthenofitness.com/exercises/incline-close-grip-barbell-bench-press","index","true","true","Incline Close-Grip Barbell Bench Press Exercise Guide | STHENO Fitness","70","Learn how to perform Incline Close-Grip Barbell Bench Press, which muscles it works, common mistakes, and practical coaching cues.","130","Incline Close-Grip Barbell Bench Press","","","STHENO Fitness | Personalized Fitness Coaching","Your fitness. Handled. Personalized training, nutrition, and coaching that adapts to real life.","https://www.sthenofitness.com/opengraph-image","summary_large_image","HowTo|Organization","","447","","","36","5",""
"https://www.sthenofitness.com/exercises/incline-dumbbell-bench-press","exercises","200","https://www.sthenofitness.com/exercises/incline-dumbbell-bench-press","index","true","true","Incline Dumbbell Bench Press Exercise Guide | STHENO Fitness","60","Learn how to perform Incline Dumbbell Bench Press, which muscles it works, common mistakes, and practical coaching cues.","120","Incline Dumbbell Bench Press","","","STHENO Fitness | Personalized Fitness Coaching","Your fitness. Handled. Personalized training, nutrition, and coaching that adapts to real life.","https://www.sthenofitness.com/opengraph-image","summary_large_image","HowTo|Organization","","455","","","36","5",""
"https://www.sthenofitness.com/exercises/incline-dumbbell-curl","exercises","200","https://www.sthenofitness.com/exercises/incline-dumbbell-curl","index","true","true","Incline Dumbbell Curl Exercise Guide | STHENO Fitness","53","Learn how to perform Incline Dumbbell Curl, which muscles it works, common mistakes, and practical coaching cues.","113","Incline Dumbbell Curl","","","STHENO Fitness | Personalized Fitness Coaching","Your fitness. Handled. Personalized training, nutrition, and coaching that adapts to real life.","https://www.sthenofitness.com/opengraph-image","summary_large_image","HowTo|Organization","","442","","","36","5",""
"https://www.sthenofitness.com/exercises/incline-dumbbell-press","exercises","200","https://www.sthenofitness.com/exercises/incline-dumbbell-press","index","true","true","Incline Dumbbell Press Exercise Guide | STHENO Fitness","54","Learn how to perform Incline Dumbbell Press, which muscles it works, common mistakes, and practical coaching cues.","114","Incline Dumbbell Press","","","STHENO Fitness | Personalized Fitness Coaching","Your fitness. Handled. Personalized training, nutrition, and coaching that adapts to real life.","https://www.sthenofitness.com/opengraph-image","summary_large_image","HowTo|Organization","","427","","","36","5",""
"https://www.sthenofitness.com/exercises/incline-dumbbell-reverse-fly","exercises","200","https://www.sthenofitness.com/exercises/incline-dumbbell-reverse-fly","index","true","true","Incline Dumbbell Reverse Fly Exercise Guide | STHENO Fitness","60","Learn how to perform Incline Dumbbell Reverse Fly, which muscles it works, common mistakes, and practical coaching cues.","120","Incline Dumbbell Reverse Fly","","","STHENO Fitness | Personalized Fitness Coaching","Your fitness. Handled. Personalized training, nutrition, and coaching that adapts to real life.","https://www.sthenofitness.com/opengraph-image","summary_large_image","HowTo|Organization","","433","","","36","5",""
"https://www.sthenofitness.com/exercises/incline-dumbbell-row","exercises","200","https://www.sthenofitness.com/exercises/incline-dumbbell-row","index","true","true","Incline Dumbbell Row Exercise Guide | STHENO Fitness","52","Learn how to perform Incline Dumbbell Row, which muscles it works, common mistakes, and practical coaching cues.","112","Incline Dumbbell Row","","","STHENO Fitness | Personalized Fitness Coaching","Your fitness. Handled. Personalized training, nutrition, and coaching that adapts to real life.","https://www.sthenofitness.com/opengraph-image","summary_large_image","HowTo|Organization","","427","","","36","5",""
"https://www.sthenofitness.com/exercises/incline-push-up","exercises","200","https://www.sthenofitness.com/exercises/incline-push-up","index","true","true","Incline Push-Up Exercise Guide | STHENO Fitness","47","Learn how to perform Incline Push-Up, which muscles it works, common mistakes, and practical coaching cues.","107","Incline Push-Up","","","STHENO Fitness | Personalized Fitness Coaching","Your fitness. Handled. Personalized training, nutrition, and coaching that adapts to real life.","https://www.sthenofitness.com/opengraph-image","summary_large_image","HowTo|Organization","","461","","","36","5",""
"https://www.sthenofitness.com/exercises/inverted-row","exercises","200","https://www.sthenofitness.com/exercises/inverted-row","index","true","true","Inverted Row Exercise Guide | STHENO Fitness","44","Learn how to perform Inverted Row, which muscles it works, common mistakes, and practical coaching cues.","104","Inverted Row","","","STHENO Fitness | Personalized Fitness Coaching","Your fitness. Handled. Personalized training, nutrition, and coaching that adapts to real life.","https://www.sthenofitness.com/opengraph-image","summary_large_image","HowTo|Organization","","449","","","36","5",""
"https://www.sthenofitness.com/exercises/iso-lateral-machine-row","exercises","200","https://www.sthenofitness.com/exercises/iso-lateral-machine-row","index","true","true","Iso-Lateral Machine Row Exercise Guide | STHENO Fitness","55","Learn how to perform Iso-Lateral Machine Row, which muscles it works, common mistakes, and practical coaching cues.","115","Iso-Lateral Machine Row","","","STHENO Fitness | Personalized Fitness Coaching","Your fitness. Handled. Personalized training, nutrition, and coaching that adapts to real life.","https://www.sthenofitness.com/opengraph-image","summary_large_image","HowTo|Organization","","432","","","36","5",""
"https://www.sthenofitness.com/exercises/jefferson-squat","exercises","200","https://www.sthenofitness.com/exercises/jefferson-squat","index","true","true","Jefferson Squat Exercise Guide | STHENO Fitness","47","Learn how to perform Jefferson Squat, which muscles it works, common mistakes, and practical coaching cues.","107","Jefferson Squat","","","STHENO Fitness | Personalized Fitness Coaching","Your fitness. Handled. Personalized training, nutrition, and coaching that adapts to real life.","https://www.sthenofitness.com/opengraph-image","summary_large_image","HowTo|Organization","","455","","","36","5",""
"https://www.sthenofitness.com/exercises/jump-box","exercises","200","https://www.sthenofitness.com/exercises/jump-box","index","true","true","Jump Box Exercise Guide | STHENO Fitness","40","Learn how to perform Jump Box, which muscles it works, common mistakes, and practical coaching cues.","100","Jump Box","","","STHENO Fitness | Personalized Fitness Coaching","Your fitness. Handled. Personalized training, nutrition, and coaching that adapts to real life.","https://www.sthenofitness.com/opengraph-image","summary_large_image","HowTo|Organization","","504","","","36","5",""
"https://www.sthenofitness.com/exercises/jump-rope","exercises","200","https://www.sthenofitness.com/exercises/jump-rope","index","true","true","Jump Rope Exercise Guide | STHENO Fitness","41","Learn how to perform Jump Rope, which muscles it works, common mistakes, and practical coaching cues.","101","Jump Rope","","","STHENO Fitness | Personalized Fitness Coaching","Your fitness. Handled. Personalized training, nutrition, and coaching that adapts to real life.","https://www.sthenofitness.com/opengraph-image","summary_large_image","HowTo|Organization","","490","","","36","5",""
"https://www.sthenofitness.com/exercises/jump-squat","exercises","200","https://www.sthenofitness.com/exercises/jump-squat","index","true","true","Jump Squat Exercise Guide | STHENO Fitness","42","Learn how to perform Jump Squat, which muscles it works, common mistakes, and practical coaching cues.","102","Jump Squat","","","STHENO Fitness | Personalized Fitness Coaching","Your fitness. Handled. Personalized training, nutrition, and coaching that adapts to real life.","https://www.sthenofitness.com/opengraph-image","summary_large_image","HowTo|Organization","","435","","","36","5",""
"https://www.sthenofitness.com/exercises/jump-squats","exercises","200","https://www.sthenofitness.com/exercises/jump-squats","index","true","true","Jump Squats Exercise Guide | STHENO Fitness","43","Learn how to perform Jump Squats, which muscles it works, common mistakes, and practical coaching cues.","103","Jump Squats","","","STHENO Fitness | Personalized Fitness Coaching","Your fitness. Handled. Personalized training, nutrition, and coaching that adapts to real life.","https://www.sthenofitness.com/opengraph-image","summary_large_image","HowTo|Organization","","501","","","36","5",""
"https://www.sthenofitness.com/exercises/jumping-jack","exercises","200","https://www.sthenofitness.com/exercises/jumping-jack","index","true","true","Jumping Jack Exercise Guide | STHENO Fitness","44","Learn how to perform Jumping Jack, which muscles it works, common mistakes, and practical coaching cues.","104","Jumping Jack","","","STHENO Fitness | Personalized Fitness Coaching","Your fitness. Handled. Personalized training, nutrition, and coaching that adapts to real life.","https://www.sthenofitness.com/opengraph-image","summary_large_image","HowTo|Organization","","507","","","36","5",""
"https://www.sthenofitness.com/exercises/jumping-jack-with-high-knee","exercises","200","https://www.sthenofitness.com/exercises/jumping-jack-with-high-knee","index","true","true","Jumping Jack With High Knee Exercise Guide | STHENO Fitness","59","Learn how to perform Jumping Jack With High Knee, which muscles it works, common mistakes, and practical coaching cues.","119","Jumping Jack With High Knee","","","STHENO Fitness | Personalized Fitness Coaching","Your fitness. Handled. Personalized training, nutrition, and coaching that adapts to real life.","https://www.sthenofitness.com/opengraph-image","summary_large_image","HowTo|Organization","","525","","","36","5",""
"https://www.sthenofitness.com/exercises/jumping-jack-with-resistance-band","exercises","200","https://www.sthenofitness.com/exercises/jumping-jack-with-resistance-band","index","true","true","Jumping Jack With Resistance Band Exercise Guide | STHENO Fitness","65","Learn how to perform Jumping Jack With Resistance Band, which muscles it works, common mistakes, and practical coaching cues.","125","Jumping Jack With Resistance Band","","","STHENO Fitness | Personalized Fitness Coaching","Your fitness. Handled. Personalized training, nutrition, and coaching that adapts to real life.","https://www.sthenofitness.com/opengraph-image","summary_large_image","HowTo|Organization","","509","","","36","5",""
"https://www.sthenofitness.com/exercises/kapalabhati-pulses-pranayama-ladder","exercises","200","https://www.sthenofitness.com/exercises/kapalabhati-pulses-pranayama-ladder","index","true","true","Kapalabhati Pulses Pranayama Ladder Exercise Guide | STHENO Fitness","67","Learn how to perform Kapalabhati Pulses Pranayama Ladder, which muscles it works, common mistakes, and practical coaching cues.","127","Kapalabhati Pulses Pranayama Ladder","","","STHENO Fitness | Personalized Fitness Coaching","Your fitness. Handled. Personalized training, nutrition, and coaching that adapts to real life.","https://www.sthenofitness.com/opengraph-image","summary_large_image","HowTo|Organization","","509","","","36","5",""
"https://www.sthenofitness.com/exercises/kettlebell-dumbbell-swing","exercises","200","https://www.sthenofitness.com/exercises/kettlebell-dumbbell-swing","index","true","true","Kettlebell Dumbbell Swing Exercise Guide | STHENO Fitness","57","Learn how to perform Kettlebell Dumbbell Swing, which muscles it works, common mistakes, and practical coaching cues.","117","Kettlebell Dumbbell Swing","","","STHENO Fitness | Personalized Fitness Coaching","Your fitness. Handled. Personalized training, nutrition, and coaching that adapts to real life.","https://www.sthenofitness.com/opengraph-image","summary_large_image","HowTo|Organization","","450","","","36","5",""
"https://www.sthenofitness.com/exercises/kettlebell-hold-march","exercises","200","https://www.sthenofitness.com/exercises/kettlebell-hold-march","index","true","true","Kettlebell Hold March Exercise Guide | STHENO Fitness","53","Learn how to perform Kettlebell Hold March, which muscles it works, common mistakes, and practical coaching cues.","113","Kettlebell Hold March","","","STHENO Fitness | Personalized Fitness Coaching","Your fitness. Handled. Personalized training, nutrition, and coaching that adapts to real life.","https://www.sthenofitness.com/opengraph-image","summary_large_image","HowTo|Organization","","497","","","36","5",""
"https://www.sthenofitness.com/exercises/kettlebell-lift-up","exercises","200","https://www.sthenofitness.com/exercises/kettlebell-lift-up","index","true","true","Kettlebell Lift Up Exercise Guide | STHENO Fitness","50","Learn how to perform Kettlebell Lift Up, which muscles it works, common mistakes, and practical coaching cues.","110","Kettlebell Lift Up","","","STHENO Fitness | Personalized Fitness Coaching","Your fitness. Handled. Personalized training, nutrition, and coaching that adapts to real life.","https://www.sthenofitness.com/opengraph-image","summary_large_image","HowTo|Organization","","500","","","36","5",""
"https://www.sthenofitness.com/exercises/kettlebell-overhead-press","exercises","200","https://www.sthenofitness.com/exercises/kettlebell-overhead-press","index","true","true","Kettlebell Overhead Press Exercise Guide | STHENO Fitness","57","Learn how to perform Kettlebell Overhead Press, which muscles it works, common mistakes, and practical coaching cues.","117","Kettlebell Overhead Press","","","STHENO Fitness | Personalized Fitness Coaching","Your fitness. Handled. Personalized training, nutrition, and coaching that adapts to real life.","https://www.sthenofitness.com/opengraph-image","summary_large_image","HowTo|Organization","","485","","","36","5",""
"https://www.sthenofitness.com/exercises/kettlebell-sit-ups-to-press","exercises","200","https://www.sthenofitness.com/exercises/kettlebell-sit-ups-to-press","index","true","true","Kettlebell Sit-Ups To Press Exercise Guide | STHENO Fitness","59","Learn how to perform Kettlebell Sit-Ups To Press, which muscles it works, common mistakes, and practical coaching cues.","119","Kettlebell Sit-Ups To Press","","","STHENO Fitness | Personalized Fitness Coaching","Your fitness. Handled. Personalized training, nutrition, and coaching that adapts to real life.","https://www.sthenofitness.com/opengraph-image","summary_large_image","HowTo|Organization","","508","","","36","5",""
"https://www.sthenofitness.com/exercises/kettlebell-swing","exercises","200","https://www.sthenofitness.com/exercises/kettlebell-swing","index","true","true","Kettlebell Swing Exercise Guide | STHENO Fitness","48","Learn how to perform Kettlebell Swing, which muscles it works, common mistakes, and practical coaching cues.","108","Kettlebell Swing","","","STHENO Fitness | Personalized Fitness Coaching","Your fitness. Handled. Personalized training, nutrition, and coaching that adapts to real life.","https://www.sthenofitness.com/opengraph-image","summary_large_image","HowTo|Organization","","489","","","36","5",""
"https://www.sthenofitness.com/exercises/kick-boxing","exercises","200","https://www.sthenofitness.com/exercises/kick-boxing","index","true","true","Kick Boxing Exercise Guide | STHENO Fitness","43","Learn how to perform Kick Boxing, which muscles it works, common mistakes, and practical coaching cues.","103","Kick Boxing","","","STHENO Fitness | Personalized Fitness Coaching","Your fitness. Handled. Personalized training, nutrition, and coaching that adapts to real life.","https://www.sthenofitness.com/opengraph-image","summary_large_image","HowTo|Organization","","490","","","36","5",""
"https://www.sthenofitness.com/exercises/kneeling-leg-curl-machine","exercises","200","https://www.sthenofitness.com/exercises/kneeling-leg-curl-machine","index","true","true","Kneeling Leg Curl Machine Exercise Guide | STHENO Fitness","57","Learn how to perform Kneeling Leg Curl Machine, which muscles it works, common mistakes, and practical coaching cues.","117","Kneeling Leg Curl Machine","","","STHENO Fitness | Personalized Fitness Coaching","Your fitness. Handled. Personalized training, nutrition, and coaching that adapts to real life.","https://www.sthenofitness.com/opengraph-image","summary_large_image","HowTo|Organization","","434","","","36","5",""
"https://www.sthenofitness.com/exercises/kneeling-push-up","exercises","200","https://www.sthenofitness.com/exercises/kneeling-push-up","index","true","true","Kneeling Push-Up Exercise Guide | STHENO Fitness","48","Learn how to perform Kneeling Push-Up, which muscles it works, common mistakes, and practical coaching cues.","108","Kneeling Push-Up","","","STHENO Fitness | Personalized Fitness Coaching","Your fitness. Handled. Personalized training, nutrition, and coaching that adapts to real life.","https://www.sthenofitness.com/opengraph-image","summary_large_image","HowTo|Organization","","440","","","36","5",""
"https://www.sthenofitness.com/exercises/knuckle-pushups","exercises","200","https://www.sthenofitness.com/exercises/knuckle-pushups","index","true","true","Knuckle Push Ups Exercise Guide | STHENO Fitness","48","Learn how to perform Knuckle Push Ups, which muscles it works, common mistakes, and practical coaching cues.","108","Knuckle Push Ups","","","STHENO Fitness | Personalized Fitness Coaching","Your fitness. Handled. Personalized training, nutrition, and coaching that adapts to real life.","https://www.sthenofitness.com/opengraph-image","summary_large_image","HowTo|Organization","","518","","","36","5",""
"https://www.sthenofitness.com/exercises/l-sit-hold","exercises","200","https://www.sthenofitness.com/exercises/l-sit-hold","index","true","true","L-Sit Hold Exercise Guide | STHENO Fitness","42","Learn how to perform L-Sit Hold, which muscles it works, common mistakes, and practical coaching cues.","102","L-Sit Hold","","","STHENO Fitness | Personalized Fitness Coaching","Your fitness. Handled. Personalized training, nutrition, and coaching that adapts to real life.","https://www.sthenofitness.com/opengraph-image","summary_large_image","HowTo|Organization","","514","","","36","5",""
"https://www.sthenofitness.com/exercises/landmine-meadows-row","exercises","200","https://www.sthenofitness.com/exercises/landmine-meadows-row","index","true","true","Meadows Row Exercise Guide | STHENO Fitness","43","Learn how to perform Meadows Row, which muscles it works, common mistakes, and practical coaching cues.","103","Meadows Row","","","STHENO Fitness | Personalized Fitness Coaching","Your fitness. Handled. Personalized training, nutrition, and coaching that adapts to real life.","https://www.sthenofitness.com/opengraph-image","summary_large_image","HowTo|Organization","","447","","","36","5",""
"https://www.sthenofitness.com/exercises/landmine-press","exercises","200","https://www.sthenofitness.com/exercises/landmine-press","index","true","true","Half-Kneeling Landmine Press Exercise Guide | STHENO Fitness","60","Learn how to perform Half-Kneeling Landmine Press, which muscles it works, common mistakes, and practical coaching cues.","120","Half-Kneeling Landmine Press","","","STHENO Fitness | Personalized Fitness Coaching","Your fitness. Handled. Personalized training, nutrition, and coaching that adapts to real life.","https://www.sthenofitness.com/opengraph-image","summary_large_image","HowTo|Organization","","420","","","36","5",""
"https://www.sthenofitness.com/exercises/landmine-press-single-arm","exercises","200","https://www.sthenofitness.com/exercises/landmine-press-single-arm","index","true","true","Landmine Press (Single Arm) Exercise Guide | STHENO Fitness","59","Learn how to perform Landmine Press (Single Arm), which muscles it works, common mistakes, and practical coaching cues.","119","Landmine Press (Single Arm)","","","STHENO Fitness | Personalized Fitness Coaching","Your fitness. Handled. Personalized training, nutrition, and coaching that adapts to real life.","https://www.sthenofitness.com/opengraph-image","summary_large_image","HowTo|Organization","","510","","","36","5",""
"https://www.sthenofitness.com/exercises/landmine-t-bar-row","exercises","200","https://www.sthenofitness.com/exercises/landmine-t-bar-row","index","true","true","Landmine T-Bar Row Exercise Guide | STHENO Fitness","50","Learn how to perform Landmine T-Bar Row, which muscles it works, common mistakes, and practical coaching cues.","110","Landmine T-Bar Row","","","STHENO Fitness | Personalized Fitness Coaching","Your fitness. Handled. Personalized training, nutrition, and coaching that adapts to real life.","https://www.sthenofitness.com/opengraph-image","summary_large_image","HowTo|Organization","","429","","","36","5",""
"https://www.sthenofitness.com/exercises/lat-pulldown","exercises","200","https://www.sthenofitness.com/exercises/lat-pulldown","index","true","true","Lat Pulldown Exercise Guide | STHENO Fitness","44","Learn how to perform Lat Pulldown, which muscles it works, common mistakes, and practical coaching cues.","104","Lat Pulldown","","","STHENO Fitness | Personalized Fitness Coaching","Your fitness. Handled. Personalized training, nutrition, and coaching that adapts to real life.","https://www.sthenofitness.com/opengraph-image","summary_large_image","HowTo|Organization","","359","","","36","5",""
"https://www.sthenofitness.com/exercises/lateral-raise","exercises","200","https://www.sthenofitness.com/exercises/lateral-raise","index","true","true","Dumbbell Lateral Raise Exercise Guide | STHENO Fitness","54","Learn how to perform Dumbbell Lateral Raise, which muscles it works, common mistakes, and practical coaching cues.","114","Dumbbell Lateral Raise","","","STHENO Fitness | Personalized Fitness Coaching","Your fitness. Handled. Personalized training, nutrition, and coaching that adapts to real life.","https://www.sthenofitness.com/opengraph-image","summary_large_image","HowTo|Organization","","362","","","36","5",""
"https://www.sthenofitness.com/exercises/lateral-raises-dumbbell","exercises","200","https://www.sthenofitness.com/exercises/lateral-raises-dumbbell","index","true","true","Lateral Raises (Dumbbell) Exercise Guide | STHENO Fitness","57","Learn how to perform Lateral Raises (Dumbbell), which muscles it works, common mistakes, and practical coaching cues.","117","Lateral Raises (Dumbbell)","","","STHENO Fitness | Personalized Fitness Coaching","Your fitness. Handled. Personalized training, nutrition, and coaching that adapts to real life.","https://www.sthenofitness.com/opengraph-image","summary_large_image","HowTo|Organization","","501","","","36","5",""
"https://www.sthenofitness.com/exercises/lateral-sprint-shuffles","exercises","200","https://www.sthenofitness.com/exercises/lateral-sprint-shuffles","index","true","true","Lateral Sprint Shuffles Exercise Guide | STHENO Fitness","55","Learn how to perform Lateral Sprint Shuffles, which muscles it works, common mistakes, and practical coaching cues.","115","Lateral Sprint Shuffles","","","STHENO Fitness | Personalized Fitness Coaching","Your fitness. Handled. Personalized training, nutrition, and coaching that adapts to real life.","https://www.sthenofitness.com/opengraph-image","summary_large_image","HowTo|Organization","","510","","","36","5",""
"https://www.sthenofitness.com/exercises/lean-away-dumbbell-lateral-raise","exercises","200","https://www.sthenofitness.com/exercises/lean-away-dumbbell-lateral-raise","index","true","true","Lean-Away Dumbbell Lateral Raise Exercise Guide | STHENO Fitness","64","Learn how to perform Lean-Away Dumbbell Lateral Raise, which muscles it works, common mistakes, and practical coaching cues.","124","Lean-Away Dumbbell Lateral Raise","","","STHENO Fitness | Personalized Fitness Coaching","Your fitness. Handled. Personalized training, nutrition, and coaching that adapts to real life.","https://www.sthenofitness.com/opengraph-image","summary_large_image","HowTo|Organization","","432","","","36","5",""
"https://www.sthenofitness.com/exercises/leg-curl","exercises","200","https://www.sthenofitness.com/exercises/leg-curl","index","true","true","Leg Curl Exercise Guide | STHENO Fitness","40","Learn how to perform Leg Curl, which muscles it works, common mistakes, and practical coaching cues.","100","Leg Curl","","","STHENO Fitness | Personalized Fitness Coaching","Your fitness. Handled. Personalized training, nutrition, and coaching that adapts to real life.","https://www.sthenofitness.com/opengraph-image","summary_large_image","HowTo|Organization","","360","","","36","5",""
"https://www.sthenofitness.com/exercises/leg-extension","exercises","200","https://www.sthenofitness.com/exercises/leg-extension","index","true","true","Leg Extension Exercise Guide | STHENO Fitness","45","Learn how to perform Leg Extension, which muscles it works, common mistakes, and practical coaching cues.","105","Leg Extension","","","STHENO Fitness | Personalized Fitness Coaching","Your fitness. Handled. Personalized training, nutrition, and coaching that adapts to real life.","https://www.sthenofitness.com/opengraph-image","summary_large_image","HowTo|Organization","","440","","","36","5",""
"https://www.sthenofitness.com/exercises/leg-lift-progression-headstand-preparation","exercises","200","https://www.sthenofitness.com/exercises/leg-lift-progression-headstand-preparation","index","true","true","Leg Lift Progression - Headstand Preparation Exercise Guide | STHENO Fitness","76","Learn how to perform Leg Lift Progression - Headstand Preparation, which muscles it works, common mistakes, and practical coaching cues.","136","Leg Lift Progression - Headstand Preparation","","","STHENO Fitness | Personalized Fitness Coaching","Your fitness. Handled. Personalized training, nutrition, and coaching that adapts to real life.","https://www.sthenofitness.com/opengraph-image","summary_large_image","HowTo|Organization","","492","","","36","5",""
"https://www.sthenofitness.com/exercises/leg-press","exercises","200","https://www.sthenofitness.com/exercises/leg-press","index","true","true","Leg Press Exercise Guide | STHENO Fitness","41","Learn how to perform Leg Press, which muscles it works, common mistakes, and practical coaching cues.","101","Leg Press","","","STHENO Fitness | Personalized Fitness Coaching","Your fitness. Handled. Personalized training, nutrition, and coaching that adapts to real life.","https://www.sthenofitness.com/opengraph-image","summary_large_image","HowTo|Organization","","387","","","36","5",""
"https://www.sthenofitness.com/exercises/leg-stretch-hand-on-hips","exercises","200","https://www.sthenofitness.com/exercises/leg-stretch-hand-on-hips","index","true","true","Leg Stretch Hand On Hips Exercise Guide | STHENO Fitness","56","Learn how to perform Leg Stretch Hand On Hips, which muscles it works, common mistakes, and practical coaching cues.","116","Leg Stretch Hand On Hips","","","STHENO Fitness | Personalized Fitness Coaching","Your fitness. Handled. Personalized training, nutrition, and coaching that adapts to real life.","https://www.sthenofitness.com/opengraph-image","summary_large_image","HowTo|Organization","","476","","","36","5",""
"https://www.sthenofitness.com/exercises/leg-swing","exercises","200","https://www.sthenofitness.com/exercises/leg-swing","index","true","true","Leg Swing Exercise Guide | STHENO Fitness","41","Learn how to perform Leg Swing, which muscles it works, common mistakes, and practical coaching cues.","101","Leg Swing","","","STHENO Fitness | Personalized Fitness Coaching","Your fitness. Handled. Personalized training, nutrition, and coaching that adapts to real life.","https://www.sthenofitness.com/opengraph-image","summary_large_image","HowTo|Organization","","466","","","36","5",""
"https://www.sthenofitness.com/exercises/leg-swing-front-to-back","exercises","200","https://www.sthenofitness.com/exercises/leg-swing-front-to-back","index","true","true","Leg Swing Front To Back Exercise Guide | STHENO Fitness","55","Learn how to perform Leg Swing Front To Back, which muscles it works, common mistakes, and practical coaching cues.","115","Leg Swing Front To Back","","","STHENO Fitness | Personalized Fitness Coaching","Your fitness. Handled. Personalized training, nutrition, and coaching that adapts to real life.","https://www.sthenofitness.com/opengraph-image","summary_large_image","HowTo|Organization","","507","","","36","5",""
"https://www.sthenofitness.com/exercises/leg-swing-in-circle","exercises","200","https://www.sthenofitness.com/exercises/leg-swing-in-circle","index","true","true","Leg Swing In Circle Exercise Guide | STHENO Fitness","51","Learn how to perform Leg Swing In Circle, which muscles it works, common mistakes, and practical coaching cues.","111","Leg Swing In Circle","","","STHENO Fitness | Personalized Fitness Coaching","Your fitness. Handled. Personalized training, nutrition, and coaching that adapts to real life.","https://www.sthenofitness.com/opengraph-image","summary_large_image","HowTo|Organization","","505","","","36","5",""
"https://www.sthenofitness.com/exercises/leg-swing-side-to-side","exercises","200","https://www.sthenofitness.com/exercises/leg-swing-side-to-side","index","true","true","Leg Swing Side To Side Exercise Guide | STHENO Fitness","54","Learn how to perform Leg Swing Side To Side, which muscles it works, common mistakes, and practical coaching cues.","114","Leg Swing Side To Side","","","STHENO Fitness | Personalized Fitness Coaching","Your fitness. Handled. Personalized training, nutrition, and coaching that adapts to real life.","https://www.sthenofitness.com/opengraph-image","summary_large_image","HowTo|Organization","","511","","","36","5",""
"https://www.sthenofitness.com/exercises/lever-squat-machine","exercises","200","https://www.sthenofitness.com/exercises/lever-squat-machine","index","true","true","Lever Squat Machine Exercise Guide | STHENO Fitness","51","Learn how to perform Lever Squat Machine, which muscles it works, common mistakes, and practical coaching cues.","111","Lever Squat Machine","","","STHENO Fitness | Personalized Fitness Coaching","Your fitness. Handled. Personalized training, nutrition, and coaching that adapts to real life.","https://www.sthenofitness.com/opengraph-image","summary_large_image","HowTo|Organization","","435","","","36","5",""
"https://www.sthenofitness.com/exercises/lying-knee-raise","exercises","200","https://www.sthenofitness.com/exercises/lying-knee-raise","index","true","true","Lying Knee Raise Exercise Guide | STHENO Fitness","48","Learn how to perform Lying Knee Raise, which muscles it works, common mistakes, and practical coaching cues.","108","Lying Knee Raise","","","STHENO Fitness | Personalized Fitness Coaching","Your fitness. Handled. Personalized training, nutrition, and coaching that adapts to real life.","https://www.sthenofitness.com/opengraph-image","summary_large_image","HowTo|Organization","","435","","","36","5",""
"https://www.sthenofitness.com/exercises/lying-leg-curl","exercises","200","https://www.sthenofitness.com/exercises/lying-leg-curl","index","true","true","Lying Leg Curl Exercise Guide | STHENO Fitness","46","Learn how to perform Lying Leg Curl, which muscles it works, common mistakes, and practical coaching cues.","106","Lying Leg Curl","","","STHENO Fitness | Personalized Fitness Coaching","Your fitness. Handled. Personalized training, nutrition, and coaching that adapts to real life.","https://www.sthenofitness.com/opengraph-image","summary_large_image","HowTo|Organization","","437","","","36","5",""
"https://www.sthenofitness.com/exercises/lying-leg-lift-up","exercises","200","https://www.sthenofitness.com/exercises/lying-leg-lift-up","index","true","true","Lying Leg Lift Up Exercise Guide | STHENO Fitness","49","Learn how to perform Lying Leg Lift Up, which muscles it works, common mistakes, and practical coaching cues.","109","Lying Leg Lift Up","","","STHENO Fitness | Personalized Fitness Coaching","Your fitness. Handled. Personalized training, nutrition, and coaching that adapts to real life.","https://www.sthenofitness.com/opengraph-image","summary_large_image","HowTo|Organization","","512","","","36","5",""
"https://www.sthenofitness.com/exercises/lying-leg-raise","exercises","200","https://www.sthenofitness.com/exercises/lying-leg-raise","index","true","true","Lying Leg Raise Exercise Guide | STHENO Fitness","47","Learn how to perform Lying Leg Raise, which muscles it works, common mistakes, and practical coaching cues.","107","Lying Leg Raise","","","STHENO Fitness | Personalized Fitness Coaching","Your fitness. Handled. Personalized training, nutrition, and coaching that adapts to real life.","https://www.sthenofitness.com/opengraph-image","summary_large_image","HowTo|Organization","","503","","","36","5",""
"https://www.sthenofitness.com/exercises/lying-triceps-extension","exercises","200","https://www.sthenofitness.com/exercises/lying-triceps-extension","index","true","true","Lying Barbell Triceps Extension Exercise Guide | STHENO Fitness","63","Learn how to perform Lying Barbell Triceps Extension, which muscles it works, common mistakes, and practical coaching cues.","123","Lying Barbell Triceps Extension","","","STHENO Fitness | Personalized Fitness Coaching","Your fitness. Handled. Personalized training, nutrition, and coaching that adapts to real life.","https://www.sthenofitness.com/opengraph-image","summary_large_image","HowTo|Organization","","431","","","36","5",""
"https://www.sthenofitness.com/exercises/machine-abdominal-crunch","exercises","200","https://www.sthenofitness.com/exercises/machine-abdominal-crunch","index","true","true","Machine Abdominal Crunch Exercise Guide | STHENO Fitness","56","Learn how to perform Machine Abdominal Crunch, which muscles it works, common mistakes, and practical coaching cues.","116","Machine Abdominal Crunch","","","STHENO Fitness | Personalized Fitness Coaching","Your fitness. Handled. Personalized training, nutrition, and coaching that adapts to real life.","https://www.sthenofitness.com/opengraph-image","summary_large_image","HowTo|Organization","","429","","","36","5",""
"https://www.sthenofitness.com/exercises/machine-back-extension-seated","exercises","200","https://www.sthenofitness.com/exercises/machine-back-extension-seated","index","true","true","Seated Back Extension Machine Exercise Guide | STHENO Fitness","61","Learn how to perform Seated Back Extension Machine, which muscles it works, common mistakes, and practical coaching cues.","121","Seated Back Extension Machine","","","STHENO Fitness | Personalized Fitness Coaching","Your fitness. Handled. Personalized training, nutrition, and coaching that adapts to real life.","https://www.sthenofitness.com/opengraph-image","summary_large_image","HowTo|Organization","","432","","","36","5",""
"https://www.sthenofitness.com/exercises/machine-biceps-curl","exercises","200","https://www.sthenofitness.com/exercises/machine-biceps-curl","index","true","true","Machine Biceps Curl Exercise Guide | STHENO Fitness","51","Learn how to perform Machine Biceps Curl, which muscles it works, common mistakes, and practical coaching cues.","111","Machine Biceps Curl","","","STHENO Fitness | Personalized Fitness Coaching","Your fitness. Handled. Personalized training, nutrition, and coaching that adapts to real life.","https://www.sthenofitness.com/opengraph-image","summary_large_image","HowTo|Organization","","431","","","36","5",""
"https://www.sthenofitness.com/exercises/machine-chest-press","exercises","200","https://www.sthenofitness.com/exercises/machine-chest-press","index","true","true","Machine Chest Press Exercise Guide | STHENO Fitness","51","Learn how to perform Machine Chest Press, which muscles it works, common mistakes, and practical coaching cues.","111","Machine Chest Press","","","STHENO Fitness | Personalized Fitness Coaching","Your fitness. Handled. Personalized training, nutrition, and coaching that adapts to real life.","https://www.sthenofitness.com/opengraph-image","summary_large_image","HowTo|Organization","","424","","","36","5",""
"https://www.sthenofitness.com/exercises/machine-front-raise","exercises","200","https://www.sthenofitness.com/exercises/machine-front-raise","index","true","true","Machine Front Raise Exercise Guide | STHENO Fitness","51","Learn how to perform Machine Front Raise, which muscles it works, common mistakes, and practical coaching cues.","111","Machine Front Raise","","","STHENO Fitness | Personalized Fitness Coaching","Your fitness. Handled. Personalized training, nutrition, and coaching that adapts to real life.","https://www.sthenofitness.com/opengraph-image","summary_large_image","HowTo|Organization","","434","","","36","5",""
"https://www.sthenofitness.com/exercises/machine-hip-abduction","exercises","200","https://www.sthenofitness.com/exercises/machine-hip-abduction","index","true","true","Machine Hip Abduction Exercise Guide | STHENO Fitness","53","Learn how to perform Machine Hip Abduction, which muscles it works, common mistakes, and practical coaching cues.","113","Machine Hip Abduction","","","STHENO Fitness | Personalized Fitness Coaching","Your fitness. Handled. Personalized training, nutrition, and coaching that adapts to real life.","https://www.sthenofitness.com/opengraph-image","summary_large_image","HowTo|Organization","","435","","","36","5",""
"https://www.sthenofitness.com/exercises/machine-hip-adduction","exercises","200","https://www.sthenofitness.com/exercises/machine-hip-adduction","index","true","true","Machine Hip Adduction Exercise Guide | STHENO Fitness","53","Learn how to perform Machine Hip Adduction, which muscles it works, common mistakes, and practical coaching cues.","113","Machine Hip Adduction","","","STHENO Fitness | Personalized Fitness Coaching","Your fitness. Handled. Personalized training, nutrition, and coaching that adapts to real life.","https://www.sthenofitness.com/opengraph-image","summary_large_image","HowTo|Organization","","432","","","36","5",""
"https://www.sthenofitness.com/exercises/machine-lat-pulldown","exercises","200","https://www.sthenofitness.com/exercises/machine-lat-pulldown","index","true","true","Machine Lat Pulldown Exercise Guide | STHENO Fitness","52","Learn how to perform Machine Lat Pulldown, which muscles it works, common mistakes, and practical coaching cues.","112","Machine Lat Pulldown","","","STHENO Fitness | Personalized Fitness Coaching","Your fitness. Handled. Personalized training, nutrition, and coaching that adapts to real life.","https://www.sthenofitness.com/opengraph-image","summary_large_image","HowTo|Organization","","430","","","36","5",""
"https://www.sthenofitness.com/exercises/machine-lateral-raise","exercises","200","https://www.sthenofitness.com/exercises/machine-lateral-raise","index","true","true","Machine Lateral Raise Exercise Guide | STHENO Fitness","53","Learn how to perform Machine Lateral Raise, which muscles it works, common mistakes, and practical coaching cues.","113","Machine Lateral Raise","","","STHENO Fitness | Personalized Fitness Coaching","Your fitness. Handled. Personalized training, nutrition, and coaching that adapts to real life.","https://www.sthenofitness.com/opengraph-image","summary_large_image","HowTo|Organization","","451","","","36","5",""
"https://www.sthenofitness.com/exercises/machine-leg-press-calf-raise","exercises","200","https://www.sthenofitness.com/exercises/machine-leg-press-calf-raise","index","true","true","Leg Press Calf Raise Exercise Guide | STHENO Fitness","52","Learn how to perform Leg Press Calf Raise, which muscles it works, common mistakes, and practical coaching cues.","112","Leg Press Calf Raise","","","STHENO Fitness | Personalized Fitness Coaching","Your fitness. Handled. Personalized training, nutrition, and coaching that adapts to real life.","https://www.sthenofitness.com/opengraph-image","summary_large_image","HowTo|Organization","","444","","","36","5",""
"https://www.sthenofitness.com/exercises/machine-low-row","exercises","200","https://www.sthenofitness.com/exercises/machine-low-row","index","true","true","Machine Low Row Exercise Guide | STHENO Fitness","47","Learn how to perform Machine Low Row, which muscles it works, common mistakes, and practical coaching cues.","107","Machine Low Row","","","STHENO Fitness | Personalized Fitness Coaching","Your fitness. Handled. Personalized training, nutrition, and coaching that adapts to real life.","https://www.sthenofitness.com/opengraph-image","summary_large_image","HowTo|Organization","","429","","","36","5",""
"https://www.sthenofitness.com/exercises/machine-pullover","exercises","200","https://www.sthenofitness.com/exercises/machine-pullover","index","true","true","Machine Pullover Exercise Guide | STHENO Fitness","48","Learn how to perform Machine Pullover, which muscles it works, common mistakes, and practical coaching cues.","108","Machine Pullover","","","STHENO Fitness | Personalized Fitness Coaching","Your fitness. Handled. Personalized training, nutrition, and coaching that adapts to real life.","https://www.sthenofitness.com/opengraph-image","summary_large_image","HowTo|Organization","","432","","","36","5",""
"https://www.sthenofitness.com/exercises/machine-reverse-lunge","exercises","200","https://www.sthenofitness.com/exercises/machine-reverse-lunge","index","true","true","Machine Reverse Lunge Exercise Guide | STHENO Fitness","53","Learn how to perform Machine Reverse Lunge, which muscles it works, common mistakes, and practical coaching cues.","113","Machine Reverse Lunge","","","STHENO Fitness | Personalized Fitness Coaching","Your fitness. Handled. Personalized training, nutrition, and coaching that adapts to real life.","https://www.sthenofitness.com/opengraph-image","summary_large_image","HowTo|Organization","","437","","","36","5",""
"https://www.sthenofitness.com/exercises/machine-romanian-deadlift","exercises","200","https://www.sthenofitness.com/exercises/machine-romanian-deadlift","index","true","true","Machine Romanian Deadlift Exercise Guide | STHENO Fitness","57","Learn how to perform Machine Romanian Deadlift, which muscles it works, common mistakes, and practical coaching cues.","117","Machine Romanian Deadlift","","","STHENO Fitness | Personalized Fitness Coaching","Your fitness. Handled. Personalized training, nutrition, and coaching that adapts to real life.","https://www.sthenofitness.com/opengraph-image","summary_large_image","HowTo|Organization","","436","","","36","5",""
"https://www.sthenofitness.com/exercises/machine-rotary-torso","exercises","200","https://www.sthenofitness.com/exercises/machine-rotary-torso","index","true","true","Machine Rotary Torso Exercise Guide | STHENO Fitness","52","Learn how to perform Machine Rotary Torso, which muscles it works, common mistakes, and practical coaching cues.","112","Machine Rotary Torso","","","STHENO Fitness | Personalized Fitness Coaching","Your fitness. Handled. Personalized training, nutrition, and coaching that adapts to real life.","https://www.sthenofitness.com/opengraph-image","summary_large_image","HowTo|Organization","","433","","","36","5",""
"https://www.sthenofitness.com/exercises/machine-seated-row","exercises","200","https://www.sthenofitness.com/exercises/machine-seated-row","index","true","true","Machine Seated Row Exercise Guide | STHENO Fitness","50","Learn how to perform Machine Seated Row, which muscles it works, common mistakes, and practical coaching cues.","110","Machine Seated Row","","","STHENO Fitness | Personalized Fitness Coaching","Your fitness. Handled. Personalized training, nutrition, and coaching that adapts to real life.","https://www.sthenofitness.com/opengraph-image","summary_large_image","HowTo|Organization","","416","","","36","5",""
"https://www.sthenofitness.com/exercises/machine-shoulder-press","exercises","200","https://www.sthenofitness.com/exercises/machine-shoulder-press","index","true","true","Machine Shoulder Press Exercise Guide | STHENO Fitness","54","Learn how to perform Machine Shoulder Press, which muscles it works, common mistakes, and practical coaching cues.","114","Machine Shoulder Press","","","STHENO Fitness | Personalized Fitness Coaching","Your fitness. Handled. Personalized training, nutrition, and coaching that adapts to real life.","https://www.sthenofitness.com/opengraph-image","summary_large_image","HowTo|Organization","","407","","","33","5",""
"https://www.sthenofitness.com/exercises/machine-shrug","exercises","200","https://www.sthenofitness.com/exercises/machine-shrug","index","true","true","Machine Shrug Exercise Guide | STHENO Fitness","45","Learn how to perform Machine Shrug, which muscles it works, common mistakes, and practical coaching cues.","105","Machine Shrug","","","STHENO Fitness | Personalized Fitness Coaching","Your fitness. Handled. Personalized training, nutrition, and coaching that adapts to real life.","https://www.sthenofitness.com/opengraph-image","summary_large_image","HowTo|Organization","","424","","","36","5",""
"https://www.sthenofitness.com/exercises/machine-sissy-squat","exercises","200","https://www.sthenofitness.com/exercises/machine-sissy-squat","index","true","true","Sissy Squat Machine Exercise Guide | STHENO Fitness","51","Learn how to perform Sissy Squat Machine, which muscles it works, common mistakes, and practical coaching cues.","111","Sissy Squat Machine","","","STHENO Fitness | Personalized Fitness Coaching","Your fitness. Handled. Personalized training, nutrition, and coaching that adapts to real life.","https://www.sthenofitness.com/opengraph-image","summary_large_image","HowTo|Organization","","434","","","36","5",""
"https://www.sthenofitness.com/exercises/machine-triceps-extension","exercises","200","https://www.sthenofitness.com/exercises/machine-triceps-extension","index","true","true","Machine Triceps Extension Exercise Guide | STHENO Fitness","57","Learn how to perform Machine Triceps Extension, which muscles it works, common mistakes, and practical coaching cues.","117","Machine Triceps Extension","","","STHENO Fitness | Personalized Fitness Coaching","Your fitness. Handled. Personalized training, nutrition, and coaching that adapts to real life.","https://www.sthenofitness.com/opengraph-image","summary_large_image","HowTo|Organization","","425","","","36","5",""
"https://www.sthenofitness.com/exercises/medicine-ball-slam","exercises","200","https://www.sthenofitness.com/exercises/medicine-ball-slam","index","true","true","Medicine Ball Slam Exercise Guide | STHENO Fitness","50","Learn how to perform Medicine Ball Slam, which muscles it works, common mistakes, and practical coaching cues.","110","Medicine Ball Slam","","","STHENO Fitness | Personalized Fitness Coaching","Your fitness. Handled. Personalized training, nutrition, and coaching that adapts to real life.","https://www.sthenofitness.com/opengraph-image","summary_large_image","HowTo|Organization","","498","","","36","5",""
"https://www.sthenofitness.com/exercises/military-press-seated-smith-machine","exercises","200","https://www.sthenofitness.com/exercises/military-press-seated-smith-machine","index","true","true","Military Press (Seated - Smith Machine) Exercise Guide | STHENO Fitness","71","Learn how to perform Military Press (Seated - Smith Machine), which muscles it works, common mistakes, and practical coaching cues.","131","Military Press (Seated - Smith Machine)","","","STHENO Fitness | Personalized Fitness Coaching","Your fitness. Handled. Personalized training, nutrition, and coaching that adapts to real life.","https://www.sthenofitness.com/opengraph-image","summary_large_image","HowTo|Organization","","500","","","36","5",""
"https://www.sthenofitness.com/exercises/mountain-pose-mountain-to-forward-fold-flow","exercises","200","https://www.sthenofitness.com/exercises/mountain-pose-mountain-to-forward-fold-flow","index","true","true","Mountain Pose - Mountain-To-Forward-Fold-Flow Exercise Guide | STHENO Fitness","77","Learn how to perform Mountain Pose - Mountain-To-Forward-Fold-Flow, which muscles it works, common mistakes, and practical coaching cues.","137","Mountain Pose - Mountain-To-Forward-Fold-Flow","","","STHENO Fitness | Personalized Fitness Coaching","Your fitness. Handled. Personalized training, nutrition, and coaching that adapts to real life.","https://www.sthenofitness.com/opengraph-image","summary_large_image","HowTo|Organization","","520","","","36","5",""
"https://www.sthenofitness.com/exercises/neck-half-circle","exercises","200","https://www.sthenofitness.com/exercises/neck-half-circle","index","true","true","Neck Half Circle Exercise Guide | STHENO Fitness","48","Learn how to perform Neck Half Circle, which muscles it works, common mistakes, and practical coaching cues.","108","Neck Half Circle","","","STHENO Fitness | Personalized Fitness Coaching","Your fitness. Handled. Personalized training, nutrition, and coaching that adapts to real life.","https://www.sthenofitness.com/opengraph-image","summary_large_image","HowTo|Organization","","477","","","30","5",""
"https://www.sthenofitness.com/exercises/negative-pullup","exercises","200","https://www.sthenofitness.com/exercises/negative-pullup","index","true","true","Negative Pull Up Exercise Guide | STHENO Fitness","48","Learn how to perform Negative Pull Up, which muscles it works, common mistakes, and practical coaching cues.","108","Negative Pull Up","","","STHENO Fitness | Personalized Fitness Coaching","Your fitness. Handled. Personalized training, nutrition, and coaching that adapts to real life.","https://www.sthenofitness.com/opengraph-image","summary_large_image","HowTo|Organization","","497","","","36","5",""
"https://www.sthenofitness.com/exercises/neutral-grip-dumbbell-bench-press","exercises","200","https://www.sthenofitness.com/exercises/neutral-grip-dumbbell-bench-press","index","true","true","Neutral-Grip Dumbbell Bench Press Exercise Guide | STHENO Fitness","65","Learn how to perform Neutral-Grip Dumbbell Bench Press, which muscles it works, common mistakes, and practical coaching cues.","125","Neutral-Grip Dumbbell Bench Press","","","STHENO Fitness | Personalized Fitness Coaching","Your fitness. Handled. Personalized training, nutrition, and coaching that adapts to real life.","https://www.sthenofitness.com/opengraph-image","summary_large_image","HowTo|Organization","","437","","","36","5",""
"https://www.sthenofitness.com/exercises/neutral-grip-lat-pulldown","exercises","200","https://www.sthenofitness.com/exercises/neutral-grip-lat-pulldown","index","true","true","Neutral-Grip Lat Pulldown Exercise Guide | STHENO Fitness","57","Learn how to perform Neutral-Grip Lat Pulldown, which muscles it works, common mistakes, and practical coaching cues.","117","Neutral-Grip Lat Pulldown","","","STHENO Fitness | Personalized Fitness Coaching","Your fitness. Handled. Personalized training, nutrition, and coaching that adapts to real life.","https://www.sthenofitness.com/opengraph-image","summary_large_image","HowTo|Organization","","423","","","36","5",""
"https://www.sthenofitness.com/exercises/neutral-grip-shoulder-press-machine","exercises","200","https://www.sthenofitness.com/exercises/neutral-grip-shoulder-press-machine","index","true","true","Neutral-Grip Shoulder Press Machine Exercise Guide | STHENO Fitness","67","Learn how to perform Neutral-Grip Shoulder Press Machine, which muscles it works, common mistakes, and practical coaching cues.","127","Neutral-Grip Shoulder Press Machine","","","STHENO Fitness | Personalized Fitness Coaching","Your fitness. Handled. Personalized training, nutrition, and coaching that adapts to real life.","https://www.sthenofitness.com/opengraph-image","summary_large_image","HowTo|Organization","","422","","","33","5",""
"https://www.sthenofitness.com/exercises/one-arm-cable-row","exercises","200","https://www.sthenofitness.com/exercises/one-arm-cable-row","index","true","true","One-Arm Cable Row Exercise Guide | STHENO Fitness","49","Learn how to perform One-Arm Cable Row, which muscles it works, common mistakes, and practical coaching cues.","109","One-Arm Cable Row","","","STHENO Fitness | Personalized Fitness Coaching","Your fitness. Handled. Personalized training, nutrition, and coaching that adapts to real life.","https://www.sthenofitness.com/opengraph-image","summary_large_image","HowTo|Organization","","394","","","36","5",""
"https://www.sthenofitness.com/exercises/one-arm-dumbbell-row","exercises","200","https://www.sthenofitness.com/exercises/one-arm-dumbbell-row","index","true","true","One-Arm Dumbbell Row Exercise Guide | STHENO Fitness","52","Learn how to perform One-Arm Dumbbell Row, which muscles it works, common mistakes, and practical coaching cues.","112","One-Arm Dumbbell Row","","","STHENO Fitness | Personalized Fitness Coaching","Your fitness. Handled. Personalized training, nutrition, and coaching that adapts to real life.","https://www.sthenofitness.com/opengraph-image","summary_large_image","HowTo|Organization","","381","","","36","5",""
"https://www.sthenofitness.com/exercises/one-hand-pushup","exercises","200","https://www.sthenofitness.com/exercises/one-hand-pushup","index","true","true","One Hand Push-Up Exercise Guide | STHENO Fitness","48","Learn how to perform One Hand Push-Up, which muscles it works, common mistakes, and practical coaching cues.","108","One Hand Push-Up","","","STHENO Fitness | Personalized Fitness Coaching","Your fitness. Handled. Personalized training, nutrition, and coaching that adapts to real life.","https://www.sthenofitness.com/opengraph-image","summary_large_image","HowTo|Organization","","454","","","36","5",""
"https://www.sthenofitness.com/exercises/open-chest-triangle-pose-detail","exercises","200","https://www.sthenofitness.com/exercises/open-chest-triangle-pose-detail","index","true","true","Open Chest Triangle Pose Detail Exercise Guide | STHENO Fitness","63","Learn how to perform Open Chest Triangle Pose Detail, which muscles it works, common mistakes, and practical coaching cues.","123","Open Chest Triangle Pose Detail","","","STHENO Fitness | Personalized Fitness Coaching","Your fitness. Handled. Personalized training, nutrition, and coaching that adapts to real life.","https://www.sthenofitness.com/opengraph-image","summary_large_image","HowTo|Organization","","521","","","36","5",""
"https://www.sthenofitness.com/exercises/overhead-cable-triceps-extension","exercises","200","https://www.sthenofitness.com/exercises/overhead-cable-triceps-extension","index","true","true","Overhead Cable Triceps Extension Exercise Guide | STHENO Fitness","64","Learn how to perform Overhead Cable Triceps Extension, which muscles it works, common mistakes, and practical coaching cues.","124","Overhead Cable Triceps Extension","","","STHENO Fitness | Personalized Fitness Coaching","Your fitness. Handled. Personalized training, nutrition, and coaching that adapts to real life.","https://www.sthenofitness.com/opengraph-image","summary_large_image","HowTo|Organization","","444","","","36","5",""
"https://www.sthenofitness.com/exercises/pallof-press","exercises","200","https://www.sthenofitness.com/exercises/pallof-press","index","true","true","Cable Pallof Press Exercise Guide | STHENO Fitness","50","Learn how to perform Cable Pallof Press, which muscles it works, common mistakes, and practical coaching cues.","110","Cable Pallof Press","","","STHENO Fitness | Personalized Fitness Coaching","Your fitness. Handled. Personalized training, nutrition, and coaching that adapts to real life.","https://www.sthenofitness.com/opengraph-image","summary_large_image","HowTo|Organization","","416","","","36","5",""
"https://www.sthenofitness.com/exercises/parallettes-pushup","exercises","200","https://www.sthenofitness.com/exercises/parallettes-pushup","index","true","true","Parallettes Push-Up Exercise Guide | STHENO Fitness","51","Learn how to perform Parallettes Push-Up, which muscles it works, common mistakes, and practical coaching cues.","111","Parallettes Push-Up","","","STHENO Fitness | Personalized Fitness Coaching","Your fitness. Handled. Personalized training, nutrition, and coaching that adapts to real life.","https://www.sthenofitness.com/opengraph-image","summary_large_image","HowTo|Organization","","458","","","36","5",""
"https://www.sthenofitness.com/exercises/pause-barbell-back-squat","exercises","200","https://www.sthenofitness.com/exercises/pause-barbell-back-squat","index","true","true","Paused Barbell Back Squat Exercise Guide | STHENO Fitness","57","Learn how to perform Paused Barbell Back Squat, which muscles it works, common mistakes, and practical coaching cues.","117","Paused Barbell Back Squat","","","STHENO Fitness | Personalized Fitness Coaching","Your fitness. Handled. Personalized training, nutrition, and coaching that adapts to real life.","https://www.sthenofitness.com/opengraph-image","summary_large_image","HowTo|Organization","","433","","","36","5",""
"https://www.sthenofitness.com/exercises/pause-barbell-bench-press","exercises","200","https://www.sthenofitness.com/exercises/pause-barbell-bench-press","index","true","true","Paused Barbell Bench Press Exercise Guide | STHENO Fitness","58","Learn how to perform Paused Barbell Bench Press, which muscles it works, common mistakes, and practical coaching cues.","118","Paused Barbell Bench Press","","","STHENO Fitness | Personalized Fitness Coaching","Your fitness. Handled. Personalized training, nutrition, and coaching that adapts to real life.","https://www.sthenofitness.com/opengraph-image","summary_large_image","HowTo|Organization","","437","","","36","5",""
"https://www.sthenofitness.com/exercises/pause-barbell-rdl","exercises","200","https://www.sthenofitness.com/exercises/pause-barbell-rdl","index","true","true","Paused Barbell Romanian Deadlift Exercise Guide | STHENO Fitness","64","Learn how to perform Paused Barbell Romanian Deadlift, which muscles it works, common mistakes, and practical coaching cues.","124","Paused Barbell Romanian Deadlift","","","STHENO Fitness | Personalized Fitness Coaching","Your fitness. Handled. Personalized training, nutrition, and coaching that adapts to real life.","https://www.sthenofitness.com/opengraph-image","summary_large_image","HowTo|Organization","","436","","","36","5",""
"https://www.sthenofitness.com/exercises/paused-barbell-deadlift","exercises","200","https://www.sthenofitness.com/exercises/paused-barbell-deadlift","index","true","true","Paused Barbell Deadlift Exercise Guide | STHENO Fitness","55","Learn how to perform Paused Barbell Deadlift, which muscles it works, common mistakes, and practical coaching cues.","115","Paused Barbell Deadlift","","","STHENO Fitness | Personalized Fitness Coaching","Your fitness. Handled. Personalized training, nutrition, and coaching that adapts to real life.","https://www.sthenofitness.com/opengraph-image","summary_large_image","HowTo|Organization","","435","","","36","5",""
"https://www.sthenofitness.com/exercises/pec-deck-fly","exercises","200","https://www.sthenofitness.com/exercises/pec-deck-fly","index","true","true","Pec Deck Fly Exercise Guide | STHENO Fitness","44","Learn how to perform Pec Deck Fly, which muscles it works, common mistakes, and practical coaching cues.","104","Pec Deck Fly","","","STHENO Fitness | Personalized Fitness Coaching","Your fitness. Handled. Personalized training, nutrition, and coaching that adapts to real life.","https://www.sthenofitness.com/opengraph-image","summary_large_image","HowTo|Organization","","444","","","35","5",""
"https://www.sthenofitness.com/exercises/pendlay-row","exercises","200","https://www.sthenofitness.com/exercises/pendlay-row","index","true","true","Pendlay Row Exercise Guide | STHENO Fitness","43","Learn how to perform Pendlay Row, which muscles it works, common mistakes, and practical coaching cues.","103","Pendlay Row","","","STHENO Fitness | Personalized Fitness Coaching","Your fitness. Handled. Personalized training, nutrition, and coaching that adapts to real life.","https://www.sthenofitness.com/opengraph-image","summary_large_image","HowTo|Organization","","445","","","36","5",""
"https://www.sthenofitness.com/exercises/pendulum-squat","exercises","200","https://www.sthenofitness.com/exercises/pendulum-squat","index","true","true","Pendulum Squat Exercise Guide | STHENO Fitness","46","Learn how to perform Pendulum Squat, which muscles it works, common mistakes, and practical coaching cues.","106","Pendulum Squat","","","STHENO Fitness | Personalized Fitness Coaching","Your fitness. Handled. Personalized training, nutrition, and coaching that adapts to real life.","https://www.sthenofitness.com/opengraph-image","summary_large_image","HowTo|Organization","","415","","","36","5",""
"https://www.sthenofitness.com/exercises/pike-push-up","exercises","200","https://www.sthenofitness.com/exercises/pike-push-up","index","true","true","Pike Push-Up Exercise Guide | STHENO Fitness","44","Learn how to perform Pike Push-Up, which muscles it works, common mistakes, and practical coaching cues.","104","Pike Push-Up","","","STHENO Fitness | Personalized Fitness Coaching","Your fitness. Handled. Personalized training, nutrition, and coaching that adapts to real life.","https://www.sthenofitness.com/opengraph-image","summary_large_image","HowTo|Organization","","439","","","36","5",""
"https://www.sthenofitness.com/exercises/pike-pushups","exercises","200","https://www.sthenofitness.com/exercises/pike-pushups","index","true","true","Pike Push Ups Exercise Guide | STHENO Fitness","45","Learn how to perform Pike Push Ups, which muscles it works, common mistakes, and practical coaching cues.","105","Pike Push Ups","","","STHENO Fitness | Personalized Fitness Coaching","Your fitness. Handled. Personalized training, nutrition, and coaching that adapts to real life.","https://www.sthenofitness.com/opengraph-image","summary_large_image","HowTo|Organization","","498","","","36","5",""
"https://www.sthenofitness.com/exercises/pistol-squat","exercises","200","https://www.sthenofitness.com/exercises/pistol-squat","index","true","true","Pistol Squat Exercise Guide | STHENO Fitness","44","Learn how to perform Pistol Squat, which muscles it works, common mistakes, and practical coaching cues.","104","Pistol Squat","","","STHENO Fitness | Personalized Fitness Coaching","Your fitness. Handled. Personalized training, nutrition, and coaching that adapts to real life.","https://www.sthenofitness.com/opengraph-image","summary_large_image","HowTo|Organization","","506","","","36","5",""
"https://www.sthenofitness.com/exercises/pistol-squats-with-poll-support","exercises","200","https://www.sthenofitness.com/exercises/pistol-squats-with-poll-support","index","true","true","Pistol Squats With Poll Support Exercise Guide | STHENO Fitness","63","Learn how to perform Pistol Squats With Poll Support, which muscles it works, common mistakes, and practical coaching cues.","123","Pistol Squats With Poll Support","","","STHENO Fitness | Personalized Fitness Coaching","Your fitness. Handled. Personalized training, nutrition, and coaching that adapts to real life.","https://www.sthenofitness.com/opengraph-image","summary_large_image","HowTo|Organization","","523","","","36","5",""
"https://www.sthenofitness.com/exercises/place-jog","exercises","200","https://www.sthenofitness.com/exercises/place-jog","index","true","true","Place Jog Exercise Guide | STHENO Fitness","41","Learn how to perform Place Jog, which muscles it works, common mistakes, and practical coaching cues.","101","Place Jog","","","STHENO Fitness | Personalized Fitness Coaching","Your fitness. Handled. Personalized training, nutrition, and coaching that adapts to real life.","https://www.sthenofitness.com/opengraph-image","summary_large_image","HowTo|Organization","","496","","","36","5",""
"https://www.sthenofitness.com/exercises/place-jog-cardio","exercises","200","https://www.sthenofitness.com/exercises/place-jog-cardio","index","true","true","Place Jog Cardio Exercise Guide | STHENO Fitness","48","Learn how to perform Place Jog Cardio, which muscles it works, common mistakes, and practical coaching cues.","108","Place Jog Cardio","","","STHENO Fitness | Personalized Fitness Coaching","Your fitness. Handled. Personalized training, nutrition, and coaching that adapts to real life.","https://www.sthenofitness.com/opengraph-image","summary_large_image","HowTo|Organization","","512","","","36","5",""
"https://www.sthenofitness.com/exercises/plank","exercises","200","https://www.sthenofitness.com/exercises/plank","index","true","true","Plank Exercise Guide | STHENO Fitness","37","Learn how to perform Plank, which muscles it works, common mistakes, and practical coaching cues.","97","Plank","","","STHENO Fitness | Personalized Fitness Coaching","Your fitness. Handled. Personalized training, nutrition, and coaching that adapts to real life.","https://www.sthenofitness.com/opengraph-image","summary_large_image","HowTo|Organization","","500","","","36","5",""
"https://www.sthenofitness.com/exercises/plank-hip-dip","exercises","200","https://www.sthenofitness.com/exercises/plank-hip-dip","index","true","true","Plank Hip Dip Exercise Guide | STHENO Fitness","45","Learn how to perform Plank Hip Dip, which muscles it works, common mistakes, and practical coaching cues.","105","Plank Hip Dip","","","STHENO Fitness | Personalized Fitness Coaching","Your fitness. Handled. Personalized training, nutrition, and coaching that adapts to real life.","https://www.sthenofitness.com/opengraph-image","summary_large_image","HowTo|Organization","","504","","","36","5",""
"https://www.sthenofitness.com/exercises/plank-hold-weighted","exercises","200","https://www.sthenofitness.com/exercises/plank-hold-weighted","index","true","true","Plank Hold Weighted Exercise Guide | STHENO Fitness","51","Learn how to perform Plank Hold Weighted, which muscles it works, common mistakes, and practical coaching cues.","111","Plank Hold Weighted","","","STHENO Fitness | Personalized Fitness Coaching","Your fitness. Handled. Personalized training, nutrition, and coaching that adapts to real life.","https://www.sthenofitness.com/opengraph-image","summary_large_image","HowTo|Organization","","508","","","36","5",""
"https://www.sthenofitness.com/exercises/plank-jack","exercises","200","https://www.sthenofitness.com/exercises/plank-jack","index","true","true","Plank Jack Exercise Guide | STHENO Fitness","42","Learn how to perform Plank Jack, which muscles it works, common mistakes, and practical coaching cues.","102","Plank Jack","","","STHENO Fitness | Personalized Fitness Coaching","Your fitness. Handled. Personalized training, nutrition, and coaching that adapts to real life.","https://www.sthenofitness.com/opengraph-image","summary_large_image","HowTo|Organization","","510","","","36","5",""
"https://www.sthenofitness.com/exercises/plank-jack-advanced","exercises","200","https://www.sthenofitness.com/exercises/plank-jack-advanced","index","true","true","Plank Jack Advanced Exercise Guide | STHENO Fitness","51","Learn how to perform Plank Jack Advanced, which muscles it works, common mistakes, and practical coaching cues.","111","Plank Jack Advanced","","","STHENO Fitness | Personalized Fitness Coaching","Your fitness. Handled. Personalized training, nutrition, and coaching that adapts to real life.","https://www.sthenofitness.com/opengraph-image","summary_large_image","HowTo|Organization","","517","","","36","5",""
"https://www.sthenofitness.com/exercises/plank-jack-modification","exercises","200","https://www.sthenofitness.com/exercises/plank-jack-modification","index","true","true","Plank Jack Modification Exercise Guide | STHENO Fitness","55","Learn how to perform Plank Jack Modification, which muscles it works, common mistakes, and practical coaching cues.","115","Plank Jack Modification","","","STHENO Fitness | Personalized Fitness Coaching","Your fitness. Handled. Personalized training, nutrition, and coaching that adapts to real life.","https://www.sthenofitness.com/opengraph-image","summary_large_image","HowTo|Organization","","507","","","36","5",""
"https://www.sthenofitness.com/exercises/plank-to-downward-dog","exercises","200","https://www.sthenofitness.com/exercises/plank-to-downward-dog","index","true","true","Plank To Downward Dog Exercise Guide | STHENO Fitness","53","Learn how to perform Plank To Downward Dog, which muscles it works, common mistakes, and practical coaching cues.","113","Plank To Downward Dog","","","STHENO Fitness | Personalized Fitness Coaching","Your fitness. Handled. Personalized training, nutrition, and coaching that adapts to real life.","https://www.sthenofitness.com/opengraph-image","summary_large_image","HowTo|Organization","","457","","","36","5",""
"https://www.sthenofitness.com/exercises/plate-loaded-chest-press","exercises","200","https://www.sthenofitness.com/exercises/plate-loaded-chest-press","index","true","true","Plate-Loaded Chest Press Exercise Guide | STHENO Fitness","56","Learn how to perform Plate-Loaded Chest Press, which muscles it works, common mistakes, and practical coaching cues.","116","Plate-Loaded Chest Press","","","STHENO Fitness | Personalized Fitness Coaching","Your fitness. Handled. Personalized training, nutrition, and coaching that adapts to real life.","https://www.sthenofitness.com/opengraph-image","summary_large_image","HowTo|Organization","","419","","","36","5",""
"https://www.sthenofitness.com/exercises/plate-loaded-high-row","exercises","200","https://www.sthenofitness.com/exercises/plate-loaded-high-row","index","true","true","Plate-Loaded High Row Exercise Guide | STHENO Fitness","53","Learn how to perform Plate-Loaded High Row, which muscles it works, common mistakes, and practical coaching cues.","113","Plate-Loaded High Row","","","STHENO Fitness | Personalized Fitness Coaching","Your fitness. Handled. Personalized training, nutrition, and coaching that adapts to real life.","https://www.sthenofitness.com/opengraph-image","summary_large_image","HowTo|Organization","","432","","","36","5",""
"https://www.sthenofitness.com/exercises/plate-loaded-lat-pulldown","exercises","200","https://www.sthenofitness.com/exercises/plate-loaded-lat-pulldown","index","true","true","Plate-Loaded Lat Pulldown Exercise Guide | STHENO Fitness","57","Learn how to perform Plate-Loaded Lat Pulldown, which muscles it works, common mistakes, and practical coaching cues.","117","Plate-Loaded Lat Pulldown","","","STHENO Fitness | Personalized Fitness Coaching","Your fitness. Handled. Personalized training, nutrition, and coaching that adapts to real life.","https://www.sthenofitness.com/opengraph-image","summary_large_image","HowTo|Organization","","431","","","36","5",""
"https://www.sthenofitness.com/exercises/plate-loaded-shoulder-press","exercises","200","https://www.sthenofitness.com/exercises/plate-loaded-shoulder-press","index","true","true","Plate-Loaded Shoulder Press Exercise Guide | STHENO Fitness","59","Learn how to perform Plate-Loaded Shoulder Press, which muscles it works, common mistakes, and practical coaching cues.","119","Plate-Loaded Shoulder Press","","","STHENO Fitness | Personalized Fitness Coaching","Your fitness. Handled. Personalized training, nutrition, and coaching that adapts to real life.","https://www.sthenofitness.com/opengraph-image","summary_large_image","HowTo|Organization","","418","","","33","5",""
"https://www.sthenofitness.com/exercises/preacher-curl-ez-bar","exercises","200","https://www.sthenofitness.com/exercises/preacher-curl-ez-bar","index","true","true","Preacher Curl EZ Bar Exercise Guide | STHENO Fitness","52","Learn how to perform Preacher Curl EZ Bar, which muscles it works, common mistakes, and practical coaching cues.","112","Preacher Curl EZ Bar","","","STHENO Fitness | Personalized Fitness Coaching","Your fitness. Handled. Personalized training, nutrition, and coaching that adapts to real life.","https://www.sthenofitness.com/opengraph-image","summary_large_image","HowTo|Organization","","509","","","36","5",""
"https://www.sthenofitness.com/exercises/preacher-curl-machine","exercises","200","https://www.sthenofitness.com/exercises/preacher-curl-machine","index","true","true","Machine Preacher Curl Exercise Guide | STHENO Fitness","53","Learn how to perform Machine Preacher Curl, which muscles it works, common mistakes, and practical coaching cues.","113","Machine Preacher Curl","","","STHENO Fitness | Personalized Fitness Coaching","Your fitness. Handled. Personalized training, nutrition, and coaching that adapts to real life.","https://www.sthenofitness.com/opengraph-image","summary_large_image","HowTo|Organization","","441","","","36","5",""
"https://www.sthenofitness.com/exercises/prone-back-extension","exercises","200","https://www.sthenofitness.com/exercises/prone-back-extension","index","true","true","Prone Back Extension Exercise Guide | STHENO Fitness","52","Learn how to perform Prone Back Extension, which muscles it works, common mistakes, and practical coaching cues.","112","Prone Back Extension","","","STHENO Fitness | Personalized Fitness Coaching","Your fitness. Handled. Personalized training, nutrition, and coaching that adapts to real life.","https://www.sthenofitness.com/opengraph-image","summary_large_image","HowTo|Organization","","465","","","36","5",""
"https://www.sthenofitness.com/exercises/prone-w-raise","exercises","200","https://www.sthenofitness.com/exercises/prone-w-raise","index","true","true","Prone W Raise Exercise Guide | STHENO Fitness","45","Learn how to perform Prone W Raise, which muscles it works, common mistakes, and practical coaching cues.","105","Prone W Raise","","","STHENO Fitness | Personalized Fitness Coaching","Your fitness. Handled. Personalized training, nutrition, and coaching that adapts to real life.","https://www.sthenofitness.com/opengraph-image","summary_large_image","HowTo|Organization","","446","","","36","5",""
"https://www.sthenofitness.com/exercises/prone-y-raise-bodyweight","exercises","200","https://www.sthenofitness.com/exercises/prone-y-raise-bodyweight","index","true","true","Prone Y Raise Exercise Guide | STHENO Fitness","45","Learn how to perform Prone Y Raise, which muscles it works, common mistakes, and practical coaching cues.","105","Prone Y Raise","","","STHENO Fitness | Personalized Fitness Coaching","Your fitness. Handled. Personalized training, nutrition, and coaching that adapts to real life.","https://www.sthenofitness.com/opengraph-image","summary_large_image","HowTo|Organization","","444","","","36","5",""
"https://www.sthenofitness.com/exercises/pull-up","exercises","200","https://www.sthenofitness.com/exercises/pull-up","index","true","true","Pull-Up Exercise Guide | STHENO Fitness","39","Learn how to perform Pull-Up, which muscles it works, common mistakes, and practical coaching cues.","99","Pull-Up","","","STHENO Fitness | Personalized Fitness Coaching","Your fitness. Handled. Personalized training, nutrition, and coaching that adapts to real life.","https://www.sthenofitness.com/opengraph-image","summary_large_image","HowTo|Organization","","370","","","36","5",""
"https://www.sthenofitness.com/exercises/push-up","exercises","200","https://www.sthenofitness.com/exercises/push-up","index","true","true","Push-Up Exercise Guide | STHENO Fitness","39","Learn how to perform Push-Up, which muscles it works, common mistakes, and practical coaching cues.","99","Push-Up","","","STHENO Fitness | Personalized Fitness Coaching","Your fitness. Handled. Personalized training, nutrition, and coaching that adapts to real life.","https://www.sthenofitness.com/opengraph-image","summary_large_image","HowTo|Organization","","364","","","36","5",""
"https://www.sthenofitness.com/exercises/pushup-arm-lift","exercises","200","https://www.sthenofitness.com/exercises/pushup-arm-lift","index","true","true","Push Up Arm Lift Exercise Guide | STHENO Fitness","48","Learn how to perform Push Up Arm Lift, which muscles it works, common mistakes, and practical coaching cues.","108","Push Up Arm Lift","","","STHENO Fitness | Personalized Fitness Coaching","Your fitness. Handled. Personalized training, nutrition, and coaching that adapts to real life.","https://www.sthenofitness.com/opengraph-image","summary_large_image","HowTo|Organization","","477","","","36","5",""
"https://www.sthenofitness.com/exercises/reach-back-thoracic-bridge","exercises","200","https://www.sthenofitness.com/exercises/reach-back-thoracic-bridge","index","true","true","Reach Back - Thoracic Bridge Exercise Guide | STHENO Fitness","60","Learn how to perform Reach Back - Thoracic Bridge, which muscles it works, common mistakes, and practical coaching cues.","120","Reach Back - Thoracic Bridge","","","STHENO Fitness | Personalized Fitness Coaching","Your fitness. Handled. Personalized training, nutrition, and coaching that adapts to real life.","https://www.sthenofitness.com/opengraph-image","summary_large_image","HowTo|Organization","","505","","","36","5",""
"https://www.sthenofitness.com/exercises/reach-hinge-triangle-pose-detail","exercises","200","https://www.sthenofitness.com/exercises/reach-hinge-triangle-pose-detail","index","true","true","Reach Hinge Triangle Pose Detail Exercise Guide | STHENO Fitness","64","Learn how to perform Reach Hinge Triangle Pose Detail, which muscles it works, common mistakes, and practical coaching cues.","124","Reach Hinge Triangle Pose Detail","","","STHENO Fitness | Personalized Fitness Coaching","Your fitness. Handled. Personalized training, nutrition, and coaching that adapts to real life.","https://www.sthenofitness.com/opengraph-image","summary_large_image","HowTo|Organization","","521","","","36","5",""
"https://www.sthenofitness.com/exercises/rear-delt-fly-machine","exercises","200","https://www.sthenofitness.com/exercises/rear-delt-fly-machine","index","true","true","Rear Delt Fly Machine Exercise Guide | STHENO Fitness","53","Learn how to perform Rear Delt Fly Machine, which muscles it works, common mistakes, and practical coaching cues.","113","Rear Delt Fly Machine","","","STHENO Fitness | Personalized Fitness Coaching","Your fitness. Handled. Personalized training, nutrition, and coaching that adapts to real life.","https://www.sthenofitness.com/opengraph-image","summary_large_image","HowTo|Organization","","460","","","36","5",""
"https://www.sthenofitness.com/exercises/rear-delt-fly-with-dumbbell","exercises","200","https://www.sthenofitness.com/exercises/rear-delt-fly-with-dumbbell","index","true","true","Rear Delt Fly With Dumbbell Exercise Guide | STHENO Fitness","59","Learn how to perform Rear Delt Fly With Dumbbell, which muscles it works, common mistakes, and practical coaching cues.","119","Rear Delt Fly With Dumbbell","","","STHENO Fitness | Personalized Fitness Coaching","Your fitness. Handled. Personalized training, nutrition, and coaching that adapts to real life.","https://www.sthenofitness.com/opengraph-image","summary_large_image","HowTo|Organization","","509","","","36","5",""
"https://www.sthenofitness.com/exercises/resistance-band-deadlift","exercises","200","https://www.sthenofitness.com/exercises/resistance-band-deadlift","index","true","true","Resistance Band Deadlift Exercise Guide | STHENO Fitness","56","Learn how to perform Resistance Band Deadlift, which muscles it works, common mistakes, and practical coaching cues.","116","Resistance Band Deadlift","","","STHENO Fitness | Personalized Fitness Coaching","Your fitness. Handled. Personalized training, nutrition, and coaching that adapts to real life.","https://www.sthenofitness.com/opengraph-image","summary_large_image","HowTo|Organization","","442","","","36","5",""
"https://www.sthenofitness.com/exercises/resistance-band-high-side-pull","exercises","200","https://www.sthenofitness.com/exercises/resistance-band-high-side-pull","index","true","true","Resistance Band High Side Pull Exercise Guide | STHENO Fitness","62","Learn how to perform Resistance Band High Side Pull, which muscles it works, common mistakes, and practical coaching cues.","122","Resistance Band High Side Pull","","","STHENO Fitness | Personalized Fitness Coaching","Your fitness. Handled. Personalized training, nutrition, and coaching that adapts to real life.","https://www.sthenofitness.com/opengraph-image","summary_large_image","HowTo|Organization","","482","","","36","5",""
"https://www.sthenofitness.com/exercises/resistance-band-monster-walk","exercises","200","https://www.sthenofitness.com/exercises/resistance-band-monster-walk","index","true","true","Resistance Band Monster Walk Exercise Guide | STHENO Fitness","60","Learn how to perform Resistance Band Monster Walk, which muscles it works, common mistakes, and practical coaching cues.","120","Resistance Band Monster Walk","","","STHENO Fitness | Personalized Fitness Coaching","Your fitness. Handled. Personalized training, nutrition, and coaching that adapts to real life.","https://www.sthenofitness.com/opengraph-image","summary_large_image","HowTo|Organization","","470","","","36","5",""
"https://www.sthenofitness.com/exercises/resistance-band-overhead-tricepss-extension","exercises","200","https://www.sthenofitness.com/exercises/resistance-band-overhead-tricepss-extension","index","true","true","Resistance Band Overhead Triceps Extension Exercise Guide | STHENO Fitness","74","Learn how to perform Resistance Band Overhead Triceps Extension, which muscles it works, common mistakes, and practical coaching cues.","134","Resistance Band Overhead Triceps Extension","","","STHENO Fitness | Personalized Fitness Coaching","Your fitness. Handled. Personalized training, nutrition, and coaching that adapts to real life.","https://www.sthenofitness.com/opengraph-image","summary_large_image","HowTo|Organization","","476","","","36","5",""
"https://www.sthenofitness.com/exercises/resistance-band-pushup","exercises","200","https://www.sthenofitness.com/exercises/resistance-band-pushup","index","true","true","Resistance Band Push-Up Exercise Guide | STHENO Fitness","55","Learn how to perform Resistance Band Push-Up, which muscles it works, common mistakes, and practical coaching cues.","115","Resistance Band Push-Up","","","STHENO Fitness | Personalized Fitness Coaching","Your fitness. Handled. Personalized training, nutrition, and coaching that adapts to real life.","https://www.sthenofitness.com/opengraph-image","summary_large_image","HowTo|Organization","","514","","","36","5",""
"https://www.sthenofitness.com/exercises/resistance-band-shoulder-roll","exercises","200","https://www.sthenofitness.com/exercises/resistance-band-shoulder-roll","index","true","true","Resistance Band Shoulder Roll Exercise Guide | STHENO Fitness","61","Learn how to perform Resistance Band Shoulder Roll, which muscles it works, common mistakes, and practical coaching cues.","121","Resistance Band Shoulder Roll","","","STHENO Fitness | Personalized Fitness Coaching","Your fitness. Handled. Personalized training, nutrition, and coaching that adapts to real life.","https://www.sthenofitness.com/opengraph-image","summary_large_image","HowTo|Organization","","511","","","36","5",""
"https://www.sthenofitness.com/exercises/resistance-band-squat-with-lateral-raise","exercises","200","https://www.sthenofitness.com/exercises/resistance-band-squat-with-lateral-raise","index","true","true","Resistance Band Squat With Lateral Raise Exercise Guide | STHENO Fitness","72","Learn how to perform Resistance Band Squat With Lateral Raise, which muscles it works, common mistakes, and practical coaching cues.","132","Resistance Band Squat With Lateral Raise","","","STHENO Fitness | Personalized Fitness Coaching","Your fitness. Handled. Personalized training, nutrition, and coaching that adapts to real life.","https://www.sthenofitness.com/opengraph-image","summary_large_image","HowTo|Organization","","512","","","36","5",""
"https://www.sthenofitness.com/exercises/resistance-band-supine-hamstring-stretch","exercises","200","https://www.sthenofitness.com/exercises/resistance-band-supine-hamstring-stretch","index","true","true","Resistance Band Supine Hamstring Stretch Exercise Guide | STHENO Fitness","72","Learn how to perform Resistance Band Supine Hamstring Stretch, which muscles it works, common mistakes, and practical coaching cues.","132","Resistance Band Supine Hamstring Stretch","","","STHENO Fitness | Personalized Fitness Coaching","Your fitness. Handled. Personalized training, nutrition, and coaching that adapts to real life.","https://www.sthenofitness.com/opengraph-image","summary_large_image","HowTo|Organization","","493","","","36","5",""
"https://www.sthenofitness.com/exercises/resistance-band-w-raise","exercises","200","https://www.sthenofitness.com/exercises/resistance-band-w-raise","index","true","true","Resistance Band W-Raise Exercise Guide | STHENO Fitness","55","Learn how to perform Resistance Band W-Raise, which muscles it works, common mistakes, and practical coaching cues.","115","Resistance Band W-Raise","","","STHENO Fitness | Personalized Fitness Coaching","Your fitness. Handled. Personalized training, nutrition, and coaching that adapts to real life.","https://www.sthenofitness.com/opengraph-image","summary_large_image","HowTo|Organization","","456","","","36","5",""
"https://www.sthenofitness.com/exercises/reverse-grip-barbell-bench-press","exercises","200","https://www.sthenofitness.com/exercises/reverse-grip-barbell-bench-press","index","true","true","Reverse-Grip Barbell Bench Press Exercise Guide | STHENO Fitness","64","Learn how to perform Reverse-Grip Barbell Bench Press, which muscles it works, common mistakes, and practical coaching cues.","124","Reverse-Grip Barbell Bench Press","","","STHENO Fitness | Personalized Fitness Coaching","Your fitness. Handled. Personalized training, nutrition, and coaching that adapts to real life.","https://www.sthenofitness.com/opengraph-image","summary_large_image","HowTo|Organization","","439","","","36","5",""
"https://www.sthenofitness.com/exercises/reverse-grip-barbell-upright-row","exercises","200","https://www.sthenofitness.com/exercises/reverse-grip-barbell-upright-row","index","true","true","Reverse Grip Barbell Upright Row Exercise Guide | STHENO Fitness","64","Learn how to perform Reverse Grip Barbell Upright Row, which muscles it works, common mistakes, and practical coaching cues.","124","Reverse Grip Barbell Upright Row","","","STHENO Fitness | Personalized Fitness Coaching","Your fitness. Handled. Personalized training, nutrition, and coaching that adapts to real life.","https://www.sthenofitness.com/opengraph-image","summary_large_image","HowTo|Organization","","464","","","36","5",""
"https://www.sthenofitness.com/exercises/reverse-grip-cable-curl","exercises","200","https://www.sthenofitness.com/exercises/reverse-grip-cable-curl","index","true","true","Reverse-Grip Cable Curl Exercise Guide | STHENO Fitness","55","Learn how to perform Reverse-Grip Cable Curl, which muscles it works, common mistakes, and practical coaching cues.","115","Reverse-Grip Cable Curl","","","STHENO Fitness | Personalized Fitness Coaching","Your fitness. Handled. Personalized training, nutrition, and coaching that adapts to real life.","https://www.sthenofitness.com/opengraph-image","summary_large_image","HowTo|Organization","","426","","","36","5",""
"https://www.sthenofitness.com/exercises/reverse-hyperextension-machine","exercises","200","https://www.sthenofitness.com/exercises/reverse-hyperextension-machine","index","true","true","Reverse Hyperextension Machine Exercise Guide | STHENO Fitness","62","Learn how to perform Reverse Hyperextension Machine, which muscles it works, common mistakes, and practical coaching cues.","122","Reverse Hyperextension Machine","","","STHENO Fitness | Personalized Fitness Coaching","Your fitness. Handled. Personalized training, nutrition, and coaching that adapts to real life.","https://www.sthenofitness.com/opengraph-image","summary_large_image","HowTo|Organization","","438","","","36","5",""
"https://www.sthenofitness.com/exercises/reverse-lunge-dumbbell","exercises","200","https://www.sthenofitness.com/exercises/reverse-lunge-dumbbell","index","true","true","Dumbbell Reverse Lunge Exercise Guide | STHENO Fitness","54","Learn how to perform Dumbbell Reverse Lunge, which muscles it works, common mistakes, and practical coaching cues.","114","Dumbbell Reverse Lunge","","","STHENO Fitness | Personalized Fitness Coaching","Your fitness. Handled. Personalized training, nutrition, and coaching that adapts to real life.","https://www.sthenofitness.com/opengraph-image","summary_large_image","HowTo|Organization","","421","","","36","5",""
"https://www.sthenofitness.com/exercises/reverse-pec-deck","exercises","200","https://www.sthenofitness.com/exercises/reverse-pec-deck","index","true","true","Reverse Pec Deck Exercise Guide | STHENO Fitness","48","Learn how to perform Reverse Pec Deck, which muscles it works, common mistakes, and practical coaching cues.","108","Reverse Pec Deck","","","STHENO Fitness | Personalized Fitness Coaching","Your fitness. Handled. Personalized training, nutrition, and coaching that adapts to real life.","https://www.sthenofitness.com/opengraph-image","summary_large_image","HowTo|Organization","","421","","","36","5",""
"https://www.sthenofitness.com/exercises/reverse-snow-angel","exercises","200","https://www.sthenofitness.com/exercises/reverse-snow-angel","index","true","true","Reverse Snow Angel Exercise Guide | STHENO Fitness","50","Learn how to perform Reverse Snow Angel, which muscles it works, common mistakes, and practical coaching cues.","110","Reverse Snow Angel","","","STHENO Fitness | Personalized Fitness Coaching","Your fitness. Handled. Personalized training, nutrition, and coaching that adapts to real life.","https://www.sthenofitness.com/opengraph-image","summary_large_image","HowTo|Organization","","440","","","36","5",""
"https://www.sthenofitness.com/exercises/rope-hammer-curl","exercises","200","https://www.sthenofitness.com/exercises/rope-hammer-curl","index","true","true","Rope Hammer Curl Exercise Guide | STHENO Fitness","48","Learn how to perform Rope Hammer Curl, which muscles it works, common mistakes, and practical coaching cues.","108","Rope Hammer Curl","","","STHENO Fitness | Personalized Fitness Coaching","Your fitness. Handled. Personalized training, nutrition, and coaching that adapts to real life.","https://www.sthenofitness.com/opengraph-image","summary_large_image","HowTo|Organization","","432","","","36","5",""
"https://www.sthenofitness.com/exercises/rope-wave","exercises","200","https://www.sthenofitness.com/exercises/rope-wave","index","true","true","Rope Wave Exercise Guide | STHENO Fitness","41","Learn how to perform Rope Wave, which muscles it works, common mistakes, and practical coaching cues.","101","Rope Wave","","","STHENO Fitness | Personalized Fitness Coaching","Your fitness. Handled. Personalized training, nutrition, and coaching that adapts to real life.","https://www.sthenofitness.com/opengraph-image","summary_large_image","HowTo|Organization","","503","","","36","5",""
"https://www.sthenofitness.com/exercises/rowing-machine","exercises","200","https://www.sthenofitness.com/exercises/rowing-machine","index","true","true","Rowing Machine Exercise Guide | STHENO Fitness","46","Learn how to perform Rowing Machine, which muscles it works, common mistakes, and practical coaching cues.","106","Rowing Machine","","","STHENO Fitness | Personalized Fitness Coaching","Your fitness. Handled. Personalized training, nutrition, and coaching that adapts to real life.","https://www.sthenofitness.com/opengraph-image","summary_large_image","HowTo|Organization","","500","","","36","5",""
"https://www.sthenofitness.com/exercises/run","exercises","200","https://www.sthenofitness.com/exercises/run","index","true","true","Run Exercise Guide | STHENO Fitness","35","Learn how to perform Run, which muscles it works, common mistakes, and practical coaching cues.","95","Run","","","STHENO Fitness | Personalized Fitness Coaching","Your fitness. Handled. Personalized training, nutrition, and coaching that adapts to real life.","https://www.sthenofitness.com/opengraph-image","summary_large_image","HowTo|Organization","","494","","","36","5",""
"https://www.sthenofitness.com/exercises/run-on-treadmill","exercises","200","https://www.sthenofitness.com/exercises/run-on-treadmill","index","true","true","Run On Treadmill Exercise Guide | STHENO Fitness","48","Learn how to perform Run On Treadmill, which muscles it works, common mistakes, and practical coaching cues.","108","Run On Treadmill","","","STHENO Fitness | Personalized Fitness Coaching","Your fitness. Handled. Personalized training, nutrition, and coaching that adapts to real life.","https://www.sthenofitness.com/opengraph-image","summary_large_image","HowTo|Organization","","506","","","36","5",""
"https://www.sthenofitness.com/exercises/russian-twist-weighted","exercises","200","https://www.sthenofitness.com/exercises/russian-twist-weighted","index","true","true","Russian Twist Weighted Exercise Guide | STHENO Fitness","54","Learn how to perform Russian Twist Weighted, which muscles it works, common mistakes, and practical coaching cues.","114","Russian Twist Weighted","","","STHENO Fitness | Personalized Fitness Coaching","Your fitness. Handled. Personalized training, nutrition, and coaching that adapts to real life.","https://www.sthenofitness.com/opengraph-image","summary_large_image","HowTo|Organization","","507","","","36","5",""
"https://www.sthenofitness.com/exercises/safety-bar-squat","exercises","200","https://www.sthenofitness.com/exercises/safety-bar-squat","index","true","true","Safety-Bar Squat Exercise Guide | STHENO Fitness","48","Learn how to perform Safety-Bar Squat, which muscles it works, common mistakes, and practical coaching cues.","108","Safety-Bar Squat","","","STHENO Fitness | Personalized Fitness Coaching","Your fitness. Handled. Personalized training, nutrition, and coaching that adapts to real life.","https://www.sthenofitness.com/opengraph-image","summary_large_image","HowTo|Organization","","428","","","36","5",""
"https://www.sthenofitness.com/exercises/scapular-pull-up","exercises","200","https://www.sthenofitness.com/exercises/scapular-pull-up","index","true","true","Scapular Pull-Up Exercise Guide | STHENO Fitness","48","Learn how to perform Scapular Pull-Up, which muscles it works, common mistakes, and practical coaching cues.","108","Scapular Pull-Up","","","STHENO Fitness | Personalized Fitness Coaching","Your fitness. Handled. Personalized training, nutrition, and coaching that adapts to real life.","https://www.sthenofitness.com/opengraph-image","summary_large_image","HowTo|Organization","","428","","","36","5",""
"https://www.sthenofitness.com/exercises/scissor-kick","exercises","200","https://www.sthenofitness.com/exercises/scissor-kick","index","true","true","Scissor Kick Exercise Guide | STHENO Fitness","44","Learn how to perform Scissor Kick, which muscles it works, common mistakes, and practical coaching cues.","104","Scissor Kick","","","STHENO Fitness | Personalized Fitness Coaching","Your fitness. Handled. Personalized training, nutrition, and coaching that adapts to real life.","https://www.sthenofitness.com/opengraph-image","summary_large_image","HowTo|Organization","","497","","","36","5",""
"https://www.sthenofitness.com/exercises/seal-row-barbell","exercises","200","https://www.sthenofitness.com/exercises/seal-row-barbell","index","true","true","Barbell Seal Row Exercise Guide | STHENO Fitness","48","Learn how to perform Barbell Seal Row, which muscles it works, common mistakes, and practical coaching cues.","108","Barbell Seal Row","","","STHENO Fitness | Personalized Fitness Coaching","Your fitness. Handled. Personalized training, nutrition, and coaching that adapts to real life.","https://www.sthenofitness.com/opengraph-image","summary_large_image","HowTo|Organization","","400","","","36","5",""
"https://www.sthenofitness.com/exercises/seated-band-lat-pulldown","exercises","200","https://www.sthenofitness.com/exercises/seated-band-lat-pulldown","index","true","true","Seated Band Lat Pulldown Exercise Guide | STHENO Fitness","56","Learn how to perform Seated Band Lat Pulldown, which muscles it works, common mistakes, and practical coaching cues.","116","Seated Band Lat Pulldown","","","STHENO Fitness | Personalized Fitness Coaching","Your fitness. Handled. Personalized training, nutrition, and coaching that adapts to real life.","https://www.sthenofitness.com/opengraph-image","summary_large_image","HowTo|Organization","","424","","","36","5",""
"https://www.sthenofitness.com/exercises/seated-barbell-overhead-press","exercises","200","https://www.sthenofitness.com/exercises/seated-barbell-overhead-press","index","true","true","Seated Barbell Overhead Press Exercise Guide | STHENO Fitness","61","Learn how to perform Seated Barbell Overhead Press, which muscles it works, common mistakes, and practical coaching cues.","121","Seated Barbell Overhead Press","","","STHENO Fitness | Personalized Fitness Coaching","Your fitness. Handled. Personalized training, nutrition, and coaching that adapts to real life.","https://www.sthenofitness.com/opengraph-image","summary_large_image","HowTo|Organization","","418","","","33","5",""
"https://www.sthenofitness.com/exercises/seated-behind-the-neck-press","exercises","200","https://www.sthenofitness.com/exercises/seated-behind-the-neck-press","index","true","true","Seated Behind-The-Neck Press Exercise Guide | STHENO Fitness","60","Learn how to perform Seated Behind-The-Neck Press, which muscles it works, common mistakes, and practical coaching cues.","120","Seated Behind-The-Neck Press","","","STHENO Fitness | Personalized Fitness Coaching","Your fitness. Handled. Personalized training, nutrition, and coaching that adapts to real life.","https://www.sthenofitness.com/opengraph-image","summary_large_image","HowTo|Organization","","510","","","36","5",""
"https://www.sthenofitness.com/exercises/seated-calf-raise-machine","exercises","200","https://www.sthenofitness.com/exercises/seated-calf-raise-machine","index","true","true","Seated Calf Raise Machine Exercise Guide | STHENO Fitness","57","Learn how to perform Seated Calf Raise Machine, which muscles it works, common mistakes, and practical coaching cues.","117","Seated Calf Raise Machine","","","STHENO Fitness | Personalized Fitness Coaching","Your fitness. Handled. Personalized training, nutrition, and coaching that adapts to real life.","https://www.sthenofitness.com/opengraph-image","summary_large_image","HowTo|Organization","","425","","","36","5",""
"https://www.sthenofitness.com/exercises/seated-dumbbell-calf-raise","exercises","200","https://www.sthenofitness.com/exercises/seated-dumbbell-calf-raise","index","true","true","Seated Dumbbell Calf Raise Exercise Guide | STHENO Fitness","58","Learn how to perform Seated Dumbbell Calf Raise, which muscles it works, common mistakes, and practical coaching cues.","118","Seated Dumbbell Calf Raise","","","STHENO Fitness | Personalized Fitness Coaching","Your fitness. Handled. Personalized training, nutrition, and coaching that adapts to real life.","https://www.sthenofitness.com/opengraph-image","summary_large_image","HowTo|Organization","","436","","","36","5",""
"https://www.sthenofitness.com/exercises/seated-dumbbell-overhead-press","exercises","200","https://www.sthenofitness.com/exercises/seated-dumbbell-overhead-press","index","true","true","Seated Dumbbell Overhead Press Exercise Guide | STHENO Fitness","62","Learn how to perform Seated Dumbbell Overhead Press, which muscles it works, common mistakes, and practical coaching cues.","122","Seated Dumbbell Overhead Press","","","STHENO Fitness | Personalized Fitness Coaching","Your fitness. Handled. Personalized training, nutrition, and coaching that adapts to real life.","https://www.sthenofitness.com/opengraph-image","summary_large_image","HowTo|Organization","","424","","","33","5",""
"https://www.sthenofitness.com/exercises/seated-lateral-raise","exercises","200","https://www.sthenofitness.com/exercises/seated-lateral-raise","index","true","true","Seated Lateral Raise Exercise Guide | STHENO Fitness","52","Learn how to perform Seated Lateral Raise, which muscles it works, common mistakes, and practical coaching cues.","112","Seated Lateral Raise","","","STHENO Fitness | Personalized Fitness Coaching","Your fitness. Handled. Personalized training, nutrition, and coaching that adapts to real life.","https://www.sthenofitness.com/opengraph-image","summary_large_image","HowTo|Organization","","504","","","36","5",""
"https://www.sthenofitness.com/exercises/seated-leg-curl","exercises","200","https://www.sthenofitness.com/exercises/seated-leg-curl","index","true","true","Seated Leg Curl Exercise Guide | STHENO Fitness","47","Learn how to perform Seated Leg Curl, which muscles it works, common mistakes, and practical coaching cues.","107","Seated Leg Curl","","","STHENO Fitness | Personalized Fitness Coaching","Your fitness. Handled. Personalized training, nutrition, and coaching that adapts to real life.","https://www.sthenofitness.com/opengraph-image","summary_large_image","HowTo|Organization","","420","","","36","5",""
"https://www.sthenofitness.com/exercises/seated-tricepss-dip-machine","exercises","200","https://www.sthenofitness.com/exercises/seated-tricepss-dip-machine","index","true","true","Seated Triceps Dip Machine Exercise Guide | STHENO Fitness","58","Learn how to perform Seated Triceps Dip Machine, which muscles it works, common mistakes, and practical coaching cues.","118","Seated Triceps Dip Machine","","","STHENO Fitness | Personalized Fitness Coaching","Your fitness. Handled. Personalized training, nutrition, and coaching that adapts to real life.","https://www.sthenofitness.com/opengraph-image","summary_large_image","HowTo|Organization","","466","","","36","5",""
"https://www.sthenofitness.com/exercises/shoulder-car","exercises","200","https://www.sthenofitness.com/exercises/shoulder-car","index","true","true","Shoulder Car Exercise Guide | STHENO Fitness","44","Learn how to perform Shoulder Car, which muscles it works, common mistakes, and practical coaching cues.","104","Shoulder Car","","","STHENO Fitness | Personalized Fitness Coaching","Your fitness. Handled. Personalized training, nutrition, and coaching that adapts to real life.","https://www.sthenofitness.com/opengraph-image","summary_large_image","HowTo|Organization","","515","","","36","5",""
"https://www.sthenofitness.com/exercises/shoulder-circle","exercises","200","https://www.sthenofitness.com/exercises/shoulder-circle","index","true","true","Shoulder Circle Exercise Guide | STHENO Fitness","47","Learn how to perform Shoulder Circle, which muscles it works, common mistakes, and practical coaching cues.","107","Shoulder Circle","","","STHENO Fitness | Personalized Fitness Coaching","Your fitness. Handled. Personalized training, nutrition, and coaching that adapts to real life.","https://www.sthenofitness.com/opengraph-image","summary_large_image","HowTo|Organization","","507","","","36","5",""
"https://www.sthenofitness.com/exercises/shoulder-landmine-press","exercises","200","https://www.sthenofitness.com/exercises/shoulder-landmine-press","index","true","true","Shoulder Landmine Press Exercise Guide | STHENO Fitness","55","Learn how to perform Shoulder Landmine Press, which muscles it works, common mistakes, and practical coaching cues.","115","Shoulder Landmine Press","","","STHENO Fitness | Personalized Fitness Coaching","Your fitness. Handled. Personalized training, nutrition, and coaching that adapts to real life.","https://www.sthenofitness.com/opengraph-image","summary_large_image","HowTo|Organization","","512","","","36","5",""
"https://www.sthenofitness.com/exercises/shoulder-stretch","exercises","200","https://www.sthenofitness.com/exercises/shoulder-stretch","index","true","true","Shoulder Stretch Exercise Guide | STHENO Fitness","48","Learn how to perform Shoulder Stretch, which muscles it works, common mistakes, and practical coaching cues.","108","Shoulder Stretch","","","STHENO Fitness | Personalized Fitness Coaching","Your fitness. Handled. Personalized training, nutrition, and coaching that adapts to real life.","https://www.sthenofitness.com/opengraph-image","summary_large_image","HowTo|Organization","","471","","","36","5",""
"https://www.sthenofitness.com/exercises/shoulder-stretch-warm-up","exercises","200","https://www.sthenofitness.com/exercises/shoulder-stretch-warm-up","index","true","true","Shoulder Stretch Warm Up Exercise Guide | STHENO Fitness","56","Learn how to perform Shoulder Stretch Warm Up, which muscles it works, common mistakes, and practical coaching cues.","116","Shoulder Stretch Warm Up","","","STHENO Fitness | Personalized Fitness Coaching","Your fitness. Handled. Personalized training, nutrition, and coaching that adapts to real life.","https://www.sthenofitness.com/opengraph-image","summary_large_image","HowTo|Organization","","520","","","36","5",""
"https://www.sthenofitness.com/exercises/side-plank-hold-on-elbow","exercises","200","https://www.sthenofitness.com/exercises/side-plank-hold-on-elbow","index","true","true","Side Plank Hold On Elbow Exercise Guide | STHENO Fitness","56","Learn how to perform Side Plank Hold On Elbow, which muscles it works, common mistakes, and practical coaching cues.","116","Side Plank Hold On Elbow","","","STHENO Fitness | Personalized Fitness Coaching","Your fitness. Handled. Personalized training, nutrition, and coaching that adapts to real life.","https://www.sthenofitness.com/opengraph-image","summary_large_image","HowTo|Organization","","518","","","36","5",""
"https://www.sthenofitness.com/exercises/side-plank-knees","exercises","200","https://www.sthenofitness.com/exercises/side-plank-knees","index","true","true","Kneeling Side Plank Exercise Guide | STHENO Fitness","51","Learn how to perform Kneeling Side Plank, which muscles it works, common mistakes, and practical coaching cues.","111","Kneeling Side Plank","","","STHENO Fitness | Personalized Fitness Coaching","Your fitness. Handled. Personalized training, nutrition, and coaching that adapts to real life.","https://www.sthenofitness.com/opengraph-image","summary_large_image","HowTo|Organization","","436","","","36","5",""
"https://www.sthenofitness.com/exercises/side-plank-single-arm-lift","exercises","200","https://www.sthenofitness.com/exercises/side-plank-single-arm-lift","index","true","true","Side Plank One Arm Lift Exercise Guide | STHENO Fitness","55","Learn how to perform Side Plank One Arm Lift, which muscles it works, common mistakes, and practical coaching cues.","115","Side Plank One Arm Lift","","","STHENO Fitness | Personalized Fitness Coaching","Your fitness. Handled. Personalized training, nutrition, and coaching that adapts to real life.","https://www.sthenofitness.com/opengraph-image","summary_large_image","HowTo|Organization","","488","","","36","5",""
"https://www.sthenofitness.com/exercises/side-plank-straight-leg","exercises","200","https://www.sthenofitness.com/exercises/side-plank-straight-leg","index","true","true","Straight-Leg Side Plank Exercise Guide | STHENO Fitness","55","Learn how to perform Straight-Leg Side Plank, which muscles it works, common mistakes, and practical coaching cues.","115","Straight-Leg Side Plank","","","STHENO Fitness | Personalized Fitness Coaching","Your fitness. Handled. Personalized training, nutrition, and coaching that adapts to real life.","https://www.sthenofitness.com/opengraph-image","summary_large_image","HowTo|Organization","","436","","","36","5",""
"https://www.sthenofitness.com/exercises/side-to-side-dynamic-leg-swings","exercises","200","https://www.sthenofitness.com/exercises/side-to-side-dynamic-leg-swings","index","true","true","Side To Side Dynamic Leg Swings Exercise Guide | STHENO Fitness","63","Learn how to perform Side To Side Dynamic Leg Swings, which muscles it works, common mistakes, and practical coaching cues.","123","Side To Side Dynamic Leg Swings","","","STHENO Fitness | Personalized Fitness Coaching","Your fitness. Handled. Personalized training, nutrition, and coaching that adapts to real life.","https://www.sthenofitness.com/opengraph-image","summary_large_image","HowTo|Organization","","516","","","36","5",""
"https://www.sthenofitness.com/exercises/single-arm-cable-chest-press","exercises","200","https://www.sthenofitness.com/exercises/single-arm-cable-chest-press","index","true","true","Single-Arm Cable Chest Press Exercise Guide | STHENO Fitness","60","Learn how to perform Single-Arm Cable Chest Press, which muscles it works, common mistakes, and practical coaching cues.","120","Single-Arm Cable Chest Press","","","STHENO Fitness | Personalized Fitness Coaching","Your fitness. Handled. Personalized training, nutrition, and coaching that adapts to real life.","https://www.sthenofitness.com/opengraph-image","summary_large_image","HowTo|Organization","","436","","","36","5",""
"https://www.sthenofitness.com/exercises/single-arm-cable-overhead-press","exercises","200","https://www.sthenofitness.com/exercises/single-arm-cable-overhead-press","index","true","true","Single-Arm Cable Overhead Press Exercise Guide | STHENO Fitness","63","Learn how to perform Single-Arm Cable Overhead Press, which muscles it works, common mistakes, and practical coaching cues.","123","Single-Arm Cable Overhead Press","","","STHENO Fitness | Personalized Fitness Coaching","Your fitness. Handled. Personalized training, nutrition, and coaching that adapts to real life.","https://www.sthenofitness.com/opengraph-image","summary_large_image","HowTo|Organization","","430","","","36","5",""
"https://www.sthenofitness.com/exercises/single-arm-cable-triceps-extension","exercises","200","https://www.sthenofitness.com/exercises/single-arm-cable-triceps-extension","index","true","true","Single-Arm Cable Triceps Extension Exercise Guide | STHENO Fitness","66","Learn how to perform Single-Arm Cable Triceps Extension, which muscles it works, common mistakes, and practical coaching cues.","126","Single-Arm Cable Triceps Extension","","","STHENO Fitness | Personalized Fitness Coaching","Your fitness. Handled. Personalized training, nutrition, and coaching that adapts to real life.","https://www.sthenofitness.com/opengraph-image","summary_large_image","HowTo|Organization","","437","","","36","5",""
"https://www.sthenofitness.com/exercises/single-arm-chest-press-machine","exercises","200","https://www.sthenofitness.com/exercises/single-arm-chest-press-machine","index","true","true","Single-Arm Machine Chest Press Exercise Guide | STHENO Fitness","62","Learn how to perform Single-Arm Machine Chest Press, which muscles it works, common mistakes, and practical coaching cues.","122","Single-Arm Machine Chest Press","","","STHENO Fitness | Personalized Fitness Coaching","Your fitness. Handled. Personalized training, nutrition, and coaching that adapts to real life.","https://www.sthenofitness.com/opengraph-image","summary_large_image","HowTo|Organization","","439","","","36","5",""
"https://www.sthenofitness.com/exercises/single-arm-dumbbell-floor-press","exercises","200","https://www.sthenofitness.com/exercises/single-arm-dumbbell-floor-press","index","true","true","Single-Arm Dumbbell Floor Press Exercise Guide | STHENO Fitness","63","Learn how to perform Single-Arm Dumbbell Floor Press, which muscles it works, common mistakes, and practical coaching cues.","123","Single-Arm Dumbbell Floor Press","","","STHENO Fitness | Personalized Fitness Coaching","Your fitness. Handled. Personalized training, nutrition, and coaching that adapts to real life.","https://www.sthenofitness.com/opengraph-image","summary_large_image","HowTo|Organization","","436","","","36","5",""
"https://www.sthenofitness.com/exercises/single-arm-dumbbell-overhead-carry","exercises","200","https://www.sthenofitness.com/exercises/single-arm-dumbbell-overhead-carry","index","true","true","Single-Arm Dumbbell Overhead Carry Exercise Guide | STHENO Fitness","66","Learn how to perform Single-Arm Dumbbell Overhead Carry, which muscles it works, common mistakes, and practical coaching cues.","126","Single-Arm Dumbbell Overhead Carry","","","STHENO Fitness | Personalized Fitness Coaching","Your fitness. Handled. Personalized training, nutrition, and coaching that adapts to real life.","https://www.sthenofitness.com/opengraph-image","summary_large_image","HowTo|Organization","","427","","","35","5",""
"https://www.sthenofitness.com/exercises/single-arm-dumbbell-overhead-press","exercises","200","https://www.sthenofitness.com/exercises/single-arm-dumbbell-overhead-press","index","true","true","Single-Arm Dumbbell Overhead Press Exercise Guide | STHENO Fitness","66","Learn how to perform Single-Arm Dumbbell Overhead Press, which muscles it works, common mistakes, and practical coaching cues.","126","Single-Arm Dumbbell Overhead Press","","","STHENO Fitness | Personalized Fitness Coaching","Your fitness. Handled. Personalized training, nutrition, and coaching that adapts to real life.","https://www.sthenofitness.com/opengraph-image","summary_large_image","HowTo|Organization","","429","","","36","5",""
"https://www.sthenofitness.com/exercises/single-arm-dumbbell-z-press","exercises","200","https://www.sthenofitness.com/exercises/single-arm-dumbbell-z-press","index","true","true","Single-Arm Dumbbell Z Press Exercise Guide | STHENO Fitness","59","Learn how to perform Single-Arm Dumbbell Z Press, which muscles it works, common mistakes, and practical coaching cues.","119","Single-Arm Dumbbell Z Press","","","STHENO Fitness | Personalized Fitness Coaching","Your fitness. Handled. Personalized training, nutrition, and coaching that adapts to real life.","https://www.sthenofitness.com/opengraph-image","summary_large_image","HowTo|Organization","","427","","","36","5",""
"https://www.sthenofitness.com/exercises/single-arm-front-rack-carry","exercises","200","https://www.sthenofitness.com/exercises/single-arm-front-rack-carry","index","true","true","Single-Arm Front-Rack Carry Exercise Guide | STHENO Fitness","59","Learn how to perform Single-Arm Front-Rack Carry, which muscles it works, common mistakes, and practical coaching cues.","119","Single-Arm Front-Rack Carry","","","STHENO Fitness | Personalized Fitness Coaching","Your fitness. Handled. Personalized training, nutrition, and coaching that adapts to real life.","https://www.sthenofitness.com/opengraph-image","summary_large_image","HowTo|Organization","","414","","","35","5",""
"https://www.sthenofitness.com/exercises/single-arm-high-cable-curl","exercises","200","https://www.sthenofitness.com/exercises/single-arm-high-cable-curl","index","true","true","Single Arm High Cable Curl Exercise Guide | STHENO Fitness","58","Learn how to perform Single Arm High Cable Curl, which muscles it works, common mistakes, and practical coaching cues.","118","Single Arm High Cable Curl","","","STHENO Fitness | Personalized Fitness Coaching","Your fitness. Handled. Personalized training, nutrition, and coaching that adapts to real life.","https://www.sthenofitness.com/opengraph-image","summary_large_image","HowTo|Organization","","468","","","36","5",""
"https://www.sthenofitness.com/exercises/single-arm-lat-pulldown","exercises","200","https://www.sthenofitness.com/exercises/single-arm-lat-pulldown","index","true","true","Single-Arm Lat Pulldown Exercise Guide | STHENO Fitness","55","Learn how to perform Single-Arm Lat Pulldown, which muscles it works, common mistakes, and practical coaching cues.","115","Single-Arm Lat Pulldown","","","STHENO Fitness | Personalized Fitness Coaching","Your fitness. Handled. Personalized training, nutrition, and coaching that adapts to real life.","https://www.sthenofitness.com/opengraph-image","summary_large_image","HowTo|Organization","","419","","","36","5",""
"https://www.sthenofitness.com/exercises/single-arm-pushups","exercises","200","https://www.sthenofitness.com/exercises/single-arm-pushups","index","true","true","One Arm Push Ups Exercise Guide | STHENO Fitness","48","Learn how to perform One Arm Push Ups, which muscles it works, common mistakes, and practical coaching cues.","108","One Arm Push Ups","","","STHENO Fitness | Personalized Fitness Coaching","Your fitness. Handled. Personalized training, nutrition, and coaching that adapts to real life.","https://www.sthenofitness.com/opengraph-image","summary_large_image","HowTo|Organization","","522","","","36","5",""
"https://www.sthenofitness.com/exercises/single-dumbbell-overhead-triceps-extension","exercises","200","https://www.sthenofitness.com/exercises/single-dumbbell-overhead-triceps-extension","index","true","true","Single-Dumbbell Overhead Triceps Extension Exercise Guide | STHENO Fitness","74","Learn how to perform Single-Dumbbell Overhead Triceps Extension, which muscles it works, common mistakes, and practical coaching cues.","134","Single-Dumbbell Overhead Triceps Extension","","","STHENO Fitness | Personalized Fitness Coaching","Your fitness. Handled. Personalized training, nutrition, and coaching that adapts to real life.","https://www.sthenofitness.com/opengraph-image","summary_large_image","HowTo|Organization","","433","","","36","5",""
"https://www.sthenofitness.com/exercises/single-leg-calf-raise-bodyweight","exercises","200","https://www.sthenofitness.com/exercises/single-leg-calf-raise-bodyweight","index","true","true","Single-Leg Bodyweight Calf Raise Exercise Guide | STHENO Fitness","64","Learn how to perform Single-Leg Bodyweight Calf Raise, which muscles it works, common mistakes, and practical coaching cues.","124","Single-Leg Bodyweight Calf Raise","","","STHENO Fitness | Personalized Fitness Coaching","Your fitness. Handled. Personalized training, nutrition, and coaching that adapts to real life.","https://www.sthenofitness.com/opengraph-image","summary_large_image","HowTo|Organization","","439","","","36","5",""
"https://www.sthenofitness.com/exercises/single-leg-dumbbell-calf-raise","exercises","200","https://www.sthenofitness.com/exercises/single-leg-dumbbell-calf-raise","index","true","true","Single-Leg Dumbbell Calf Raise Exercise Guide | STHENO Fitness","62","Learn how to perform Single-Leg Dumbbell Calf Raise, which muscles it works, common mistakes, and practical coaching cues.","122","Single-Leg Dumbbell Calf Raise","","","STHENO Fitness | Personalized Fitness Coaching","Your fitness. Handled. Personalized training, nutrition, and coaching that adapts to real life.","https://www.sthenofitness.com/opengraph-image","summary_large_image","HowTo|Organization","","433","","","36","5",""
"https://www.sthenofitness.com/exercises/single-leg-extension-machine","exercises","200","https://www.sthenofitness.com/exercises/single-leg-extension-machine","index","true","true","Single-Leg Extension Exercise Guide | STHENO Fitness","52","Learn how to perform Single-Leg Extension, which muscles it works, common mistakes, and practical coaching cues.","112","Single-Leg Extension","","","STHENO Fitness | Personalized Fitness Coaching","Your fitness. Handled. Personalized training, nutrition, and coaching that adapts to real life.","https://www.sthenofitness.com/opengraph-image","summary_large_image","HowTo|Organization","","430","","","36","5",""
"https://www.sthenofitness.com/exercises/single-leg-glute-bridge","exercises","200","https://www.sthenofitness.com/exercises/single-leg-glute-bridge","index","true","true","Single-Leg Glute Bridge Exercise Guide | STHENO Fitness","55","Learn how to perform Single-Leg Glute Bridge, which muscles it works, common mistakes, and practical coaching cues.","115","Single-Leg Glute Bridge","","","STHENO Fitness | Personalized Fitness Coaching","Your fitness. Handled. Personalized training, nutrition, and coaching that adapts to real life.","https://www.sthenofitness.com/opengraph-image","summary_large_image","HowTo|Organization","","456","","","36","5",""
"https://www.sthenofitness.com/exercises/single-leg-press-machine","exercises","200","https://www.sthenofitness.com/exercises/single-leg-press-machine","index","true","true","Single-Leg Press Exercise Guide | STHENO Fitness","48","Learn how to perform Single-Leg Press, which muscles it works, common mistakes, and practical coaching cues.","108","Single-Leg Press","","","STHENO Fitness | Personalized Fitness Coaching","Your fitness. Handled. Personalized training, nutrition, and coaching that adapts to real life.","https://www.sthenofitness.com/opengraph-image","summary_large_image","HowTo|Organization","","436","","","36","5",""
"https://www.sthenofitness.com/exercises/single-leg-seated-curl-machine","exercises","200","https://www.sthenofitness.com/exercises/single-leg-seated-curl-machine","index","true","true","Single-Leg Seated Curl Exercise Guide | STHENO Fitness","54","Learn how to perform Single-Leg Seated Curl, which muscles it works, common mistakes, and practical coaching cues.","114","Single-Leg Seated Curl","","","STHENO Fitness | Personalized Fitness Coaching","Your fitness. Handled. Personalized training, nutrition, and coaching that adapts to real life.","https://www.sthenofitness.com/opengraph-image","summary_large_image","HowTo|Organization","","431","","","36","5",""
"https://www.sthenofitness.com/exercises/sit-ups-version-1","exercises","200","https://www.sthenofitness.com/exercises/sit-ups-version-1","index","true","true","Sit Ups Version 1 Exercise Guide | STHENO Fitness","49","Learn how to perform Sit Ups Version 1, which muscles it works, common mistakes, and practical coaching cues.","109","Sit Ups Version 1","","","STHENO Fitness | Personalized Fitness Coaching","Your fitness. Handled. Personalized training, nutrition, and coaching that adapts to real life.","https://www.sthenofitness.com/opengraph-image","summary_large_image","HowTo|Organization","","507","","","36","5",""
"https://www.sthenofitness.com/exercises/skater-hops","exercises","200","https://www.sthenofitness.com/exercises/skater-hops","index","true","true","Skater Hops Exercise Guide | STHENO Fitness","43","Learn how to perform Skater Hops, which muscles it works, common mistakes, and practical coaching cues.","103","Skater Hops","","","STHENO Fitness | Personalized Fitness Coaching","Your fitness. Handled. Personalized training, nutrition, and coaching that adapts to real life.","https://www.sthenofitness.com/opengraph-image","summary_large_image","HowTo|Organization","","451","","","36","5",""
"https://www.sthenofitness.com/exercises/skull-crushers-ez-bar","exercises","200","https://www.sthenofitness.com/exercises/skull-crushers-ez-bar","index","true","true","Skull Crushers (EZ Bar) Exercise Guide | STHENO Fitness","55","Learn how to perform Skull Crushers (EZ Bar), which muscles it works, common mistakes, and practical coaching cues.","115","Skull Crushers (EZ Bar)","","","STHENO Fitness | Personalized Fitness Coaching","Your fitness. Handled. Personalized training, nutrition, and coaching that adapts to real life.","https://www.sthenofitness.com/opengraph-image","summary_large_image","HowTo|Organization","","513","","","36","5",""
"https://www.sthenofitness.com/exercises/smith-machine-bench-press","exercises","200","https://www.sthenofitness.com/exercises/smith-machine-bench-press","index","true","true","Smith Machine Bench Press Exercise Guide | STHENO Fitness","57","Learn how to perform Smith Machine Bench Press, which muscles it works, common mistakes, and practical coaching cues.","117","Smith Machine Bench Press","","","STHENO Fitness | Personalized Fitness Coaching","Your fitness. Handled. Personalized training, nutrition, and coaching that adapts to real life.","https://www.sthenofitness.com/opengraph-image","summary_large_image","HowTo|Organization","","430","","","36","5",""
"https://www.sthenofitness.com/exercises/smith-machine-split-squat","exercises","200","https://www.sthenofitness.com/exercises/smith-machine-split-squat","index","true","true","Smith Machine Split Squat Exercise Guide | STHENO Fitness","57","Learn how to perform Smith Machine Split Squat, which muscles it works, common mistakes, and practical coaching cues.","117","Smith Machine Split Squat","","","STHENO Fitness | Personalized Fitness Coaching","Your fitness. Handled. Personalized training, nutrition, and coaching that adapts to real life.","https://www.sthenofitness.com/opengraph-image","summary_large_image","HowTo|Organization","","430","","","36","5",""
"https://www.sthenofitness.com/exercises/smith-machine-squat","exercises","200","https://www.sthenofitness.com/exercises/smith-machine-squat","index","true","true","Smith Machine Squat Exercise Guide | STHENO Fitness","51","Learn how to perform Smith Machine Squat, which muscles it works, common mistakes, and practical coaching cues.","111","Smith Machine Squat","","","STHENO Fitness | Personalized Fitness Coaching","Your fitness. Handled. Personalized training, nutrition, and coaching that adapts to real life.","https://www.sthenofitness.com/opengraph-image","summary_large_image","HowTo|Organization","","445","","","36","5",""
"https://www.sthenofitness.com/exercises/snatch-grip-barbell-rdl","exercises","200","https://www.sthenofitness.com/exercises/snatch-grip-barbell-rdl","index","true","true","Snatch-Grip Barbell Romanian Deadlift Exercise Guide | STHENO Fitness","69","Learn how to perform Snatch-Grip Barbell Romanian Deadlift, which muscles it works, common mistakes, and practical coaching cues.","129","Snatch-Grip Barbell Romanian Deadlift","","","STHENO Fitness | Personalized Fitness Coaching","Your fitness. Handled. Personalized training, nutrition, and coaching that adapts to real life.","https://www.sthenofitness.com/opengraph-image","summary_large_image","HowTo|Organization","","439","","","36","5",""
"https://www.sthenofitness.com/exercises/spinal-wave-into-squats","exercises","200","https://www.sthenofitness.com/exercises/spinal-wave-into-squats","index","true","true","Spinal Wave Into Squats Exercise Guide | STHENO Fitness","55","Learn how to perform Spinal Wave Into Squats, which muscles it works, common mistakes, and practical coaching cues.","115","Spinal Wave Into Squats","","","STHENO Fitness | Personalized Fitness Coaching","Your fitness. Handled. Personalized training, nutrition, and coaching that adapts to real life.","https://www.sthenofitness.com/opengraph-image","summary_large_image","HowTo|Organization","","512","","","35","5",""
"https://www.sthenofitness.com/exercises/split-squat","exercises","200","https://www.sthenofitness.com/exercises/split-squat","index","true","true","Dumbbell Split Squat Exercise Guide | STHENO Fitness","52","Learn how to perform Dumbbell Split Squat, which muscles it works, common mistakes, and practical coaching cues.","112","Dumbbell Split Squat","","","STHENO Fitness | Personalized Fitness Coaching","Your fitness. Handled. Personalized training, nutrition, and coaching that adapts to real life.","https://www.sthenofitness.com/opengraph-image","summary_large_image","HowTo|Organization","","367","","","36","5",""
"https://www.sthenofitness.com/exercises/spoto-press","exercises","200","https://www.sthenofitness.com/exercises/spoto-press","index","true","true","Spoto Press Exercise Guide | STHENO Fitness","43","Learn how to perform Spoto Press, which muscles it works, common mistakes, and practical coaching cues.","103","Spoto Press","","","STHENO Fitness | Personalized Fitness Coaching","Your fitness. Handled. Personalized training, nutrition, and coaching that adapts to real life.","https://www.sthenofitness.com/opengraph-image","summary_large_image","HowTo|Organization","","434","","","36","5",""
"https://www.sthenofitness.com/exercises/sprint-interval-fast-running","exercises","200","https://www.sthenofitness.com/exercises/sprint-interval-fast-running","index","true","true","Sprint Interval Fast Running Exercise Guide | STHENO Fitness","60","Learn how to perform Sprint Interval Fast Running, which muscles it works, common mistakes, and practical coaching cues.","120","Sprint Interval Fast Running","","","STHENO Fitness | Personalized Fitness Coaching","Your fitness. Handled. Personalized training, nutrition, and coaching that adapts to real life.","https://www.sthenofitness.com/opengraph-image","summary_large_image","HowTo|Organization","","512","","","36","5",""
"https://www.sthenofitness.com/exercises/sprint-intervals-fast-running","exercises","200","https://www.sthenofitness.com/exercises/sprint-intervals-fast-running","index","true","true","Sprint Intervals Fast Running Exercise Guide | STHENO Fitness","61","Learn how to perform Sprint Intervals Fast Running, which muscles it works, common mistakes, and practical coaching cues.","121","Sprint Intervals Fast Running","","","STHENO Fitness | Personalized Fitness Coaching","Your fitness. Handled. Personalized training, nutrition, and coaching that adapts to real life.","https://www.sthenofitness.com/opengraph-image","summary_large_image","HowTo|Organization","","514","","","36","5",""
"https://www.sthenofitness.com/exercises/standard-crunch","exercises","200","https://www.sthenofitness.com/exercises/standard-crunch","index","true","true","Standard Crunch Exercise Guide | STHENO Fitness","47","Learn how to perform Standard Crunch, which muscles it works, common mistakes, and practical coaching cues.","107","Standard Crunch","","","STHENO Fitness | Personalized Fitness Coaching","Your fitness. Handled. Personalized training, nutrition, and coaching that adapts to real life.","https://www.sthenofitness.com/opengraph-image","summary_large_image","HowTo|Organization","","498","","","36","5",""
"https://www.sthenofitness.com/exercises/standard-plank","exercises","200","https://www.sthenofitness.com/exercises/standard-plank","index","true","true","Standard Plank Exercise Guide | STHENO Fitness","46","Learn how to perform Standard Plank, which muscles it works, common mistakes, and practical coaching cues.","106","Standard Plank","","","STHENO Fitness | Personalized Fitness Coaching","Your fitness. Handled. Personalized training, nutrition, and coaching that adapts to real life.","https://www.sthenofitness.com/opengraph-image","summary_large_image","HowTo|Organization","","457","","","36","5",""
"https://www.sthenofitness.com/exercises/standard-pushup","exercises","200","https://www.sthenofitness.com/exercises/standard-pushup","index","true","true","Standard Push Up Exercise Guide | STHENO Fitness","48","Learn how to perform Standard Push Up, which muscles it works, common mistakes, and practical coaching cues.","108","Standard Push Up","","","STHENO Fitness | Personalized Fitness Coaching","Your fitness. Handled. Personalized training, nutrition, and coaching that adapts to real life.","https://www.sthenofitness.com/opengraph-image","summary_large_image","HowTo|Organization","","517","","","36","5",""
"https://www.sthenofitness.com/exercises/standing-barbell-extension","exercises","200","https://www.sthenofitness.com/exercises/standing-barbell-extension","index","true","true","Standing Barbell Extension Exercise Guide | STHENO Fitness","58","Learn how to perform Standing Barbell Extension, which muscles it works, common mistakes, and practical coaching cues.","118","Standing Barbell Extension","","","STHENO Fitness | Personalized Fitness Coaching","Your fitness. Handled. Personalized training, nutrition, and coaching that adapts to real life.","https://www.sthenofitness.com/opengraph-image","summary_large_image","HowTo|Organization","","505","","","36","5",""
"https://www.sthenofitness.com/exercises/standing-cable-concentration-curls","exercises","200","https://www.sthenofitness.com/exercises/standing-cable-concentration-curls","index","true","true","Standing Cable Concentration Curls Exercise Guide | STHENO Fitness","66","Learn how to perform Standing Cable Concentration Curls, which muscles it works, common mistakes, and practical coaching cues.","126","Standing Cable Concentration Curls","","","STHENO Fitness | Personalized Fitness Coaching","Your fitness. Handled. Personalized training, nutrition, and coaching that adapts to real life.","https://www.sthenofitness.com/opengraph-image","summary_large_image","HowTo|Organization","","455","","","36","5",""
"https://www.sthenofitness.com/exercises/standing-cable-hip-abduction","exercises","200","https://www.sthenofitness.com/exercises/standing-cable-hip-abduction","index","true","true","Standing Cable Hip Abduction Exercise Guide | STHENO Fitness","60","Learn how to perform Standing Cable Hip Abduction, which muscles it works, common mistakes, and practical coaching cues.","120","Standing Cable Hip Abduction","","","STHENO Fitness | Personalized Fitness Coaching","Your fitness. Handled. Personalized training, nutrition, and coaching that adapts to real life.","https://www.sthenofitness.com/opengraph-image","summary_large_image","HowTo|Organization","","433","","","36","5",""
"https://www.sthenofitness.com/exercises/standing-cable-hip-adduction","exercises","200","https://www.sthenofitness.com/exercises/standing-cable-hip-adduction","index","true","true","Standing Cable Hip Adduction Exercise Guide | STHENO Fitness","60","Learn how to perform Standing Cable Hip Adduction, which muscles it works, common mistakes, and practical coaching cues.","120","Standing Cable Hip Adduction","","","STHENO Fitness | Personalized Fitness Coaching","Your fitness. Handled. Personalized training, nutrition, and coaching that adapts to real life.","https://www.sthenofitness.com/opengraph-image","summary_large_image","HowTo|Organization","","432","","","36","5",""
"https://www.sthenofitness.com/exercises/standing-calf-raise","exercises","200","https://www.sthenofitness.com/exercises/standing-calf-raise","index","true","true","Standing Calf Raise Exercise Guide | STHENO Fitness","51","Learn how to perform Standing Calf Raise, which muscles it works, common mistakes, and practical coaching cues.","111","Standing Calf Raise","","","STHENO Fitness | Personalized Fitness Coaching","Your fitness. Handled. Personalized training, nutrition, and coaching that adapts to real life.","https://www.sthenofitness.com/opengraph-image","summary_large_image","HowTo|Organization","","386","","","36","5",""
"https://www.sthenofitness.com/exercises/standing-calf-raise-machine","exercises","200","https://www.sthenofitness.com/exercises/standing-calf-raise-machine","index","true","true","Standing Calf Raise Machine Exercise Guide | STHENO Fitness","59","Learn how to perform Standing Calf Raise Machine, which muscles it works, common mistakes, and practical coaching cues.","119","Standing Calf Raise Machine","","","STHENO Fitness | Personalized Fitness Coaching","Your fitness. Handled. Personalized training, nutrition, and coaching that adapts to real life.","https://www.sthenofitness.com/opengraph-image","summary_large_image","HowTo|Organization","","438","","","36","5",""
"https://www.sthenofitness.com/exercises/standing-front-to-back-kick","exercises","200","https://www.sthenofitness.com/exercises/standing-front-to-back-kick","index","true","true","Standing Front To Back Kick Exercise Guide | STHENO Fitness","59","Learn how to perform Standing Front To Back Kick, which muscles it works, common mistakes, and practical coaching cues.","119","Standing Front To Back Kick","","","STHENO Fitness | Personalized Fitness Coaching","Your fitness. Handled. Personalized training, nutrition, and coaching that adapts to real life.","https://www.sthenofitness.com/opengraph-image","summary_large_image","HowTo|Organization","","522","","","36","5",""
"https://www.sthenofitness.com/exercises/standing-hamstring-stretch","exercises","200","https://www.sthenofitness.com/exercises/standing-hamstring-stretch","index","true","true","Standing Hamstring Stretch Exercise Guide | STHENO Fitness","58","Learn how to perform Standing Hamstring Stretch, which muscles it works, common mistakes, and practical coaching cues.","118","Standing Hamstring Stretch","","","STHENO Fitness | Personalized Fitness Coaching","Your fitness. Handled. Personalized training, nutrition, and coaching that adapts to real life.","https://www.sthenofitness.com/opengraph-image","summary_large_image","HowTo|Organization","","466","","","36","5",""
"https://www.sthenofitness.com/exercises/standing-hips-stretch","exercises","200","https://www.sthenofitness.com/exercises/standing-hips-stretch","index","true","true","Standing Hips Stretch Exercise Guide | STHENO Fitness","53","Learn how to perform Standing Hips Stretch, which muscles it works, common mistakes, and practical coaching cues.","113","Standing Hips Stretch","","","STHENO Fitness | Personalized Fitness Coaching","Your fitness. Handled. Personalized training, nutrition, and coaching that adapts to real life.","https://www.sthenofitness.com/opengraph-image","summary_large_image","HowTo|Organization","","480","","","36","5",""
"https://www.sthenofitness.com/exercises/standing-quadriceps-stretch","exercises","200","https://www.sthenofitness.com/exercises/standing-quadriceps-stretch","index","true","true","Standing Quadriceps Stretch Exercise Guide | STHENO Fitness","59","Learn how to perform Standing Quadriceps Stretch, which muscles it works, common mistakes, and practical coaching cues.","119","Standing Quadriceps Stretch","","","STHENO Fitness | Personalized Fitness Coaching","Your fitness. Handled. Personalized training, nutrition, and coaching that adapts to real life.","https://www.sthenofitness.com/opengraph-image","summary_large_image","HowTo|Organization","","512","","","36","5",""
"https://www.sthenofitness.com/exercises/standing-single-arm-overhead-extension","exercises","200","https://www.sthenofitness.com/exercises/standing-single-arm-overhead-extension","index","true","true","Standing Single Arm Overhead Extension Exercise Guide | STHENO Fitness","70","Learn how to perform Standing Single Arm Overhead Extension, which muscles it works, common mistakes, and practical coaching cues.","130","Standing Single Arm Overhead Extension","","","STHENO Fitness | Personalized Fitness Coaching","Your fitness. Handled. Personalized training, nutrition, and coaching that adapts to real life.","https://www.sthenofitness.com/opengraph-image","summary_large_image","HowTo|Organization","","462","","","36","5",""
"https://www.sthenofitness.com/exercises/standing-supinated-biceps-curl","exercises","200","https://www.sthenofitness.com/exercises/standing-supinated-biceps-curl","index","true","true","Standing Supinated Bicep Curl Exercise Guide | STHENO Fitness","61","Learn how to perform Standing Supinated Bicep Curl, which muscles it works, common mistakes, and practical coaching cues.","121","Standing Supinated Bicep Curl","","","STHENO Fitness | Personalized Fitness Coaching","Your fitness. Handled. Personalized training, nutrition, and coaching that adapts to real life.","https://www.sthenofitness.com/opengraph-image","summary_large_image","HowTo|Organization","","464","","","36","5",""
"https://www.sthenofitness.com/exercises/step-up-dumbbell","exercises","200","https://www.sthenofitness.com/exercises/step-up-dumbbell","index","true","true","Dumbbell Step-Up Exercise Guide | STHENO Fitness","48","Learn how to perform Dumbbell Step-Up, which muscles it works, common mistakes, and practical coaching cues.","108","Dumbbell Step-Up","","","STHENO Fitness | Personalized Fitness Coaching","Your fitness. Handled. Personalized training, nutrition, and coaching that adapts to real life.","https://www.sthenofitness.com/opengraph-image","summary_large_image","HowTo|Organization","","424","","","36","5",""
"https://www.sthenofitness.com/exercises/step-ups-weighted","exercises","200","https://www.sthenofitness.com/exercises/step-ups-weighted","index","true","true","Step-Ups (Weighted) Exercise Guide | STHENO Fitness","51","Learn how to perform Step-Ups (Weighted), which muscles it works, common mistakes, and practical coaching cues.","111","Step-Ups (Weighted)","","","STHENO Fitness | Personalized Fitness Coaching","Your fitness. Handled. Personalized training, nutrition, and coaching that adapts to real life.","https://www.sthenofitness.com/opengraph-image","summary_large_image","HowTo|Organization","","475","","","36","5",""
"https://www.sthenofitness.com/exercises/stepmill-machine","exercises","200","https://www.sthenofitness.com/exercises/stepmill-machine","index","true","true","Stepmill Machine Exercise Guide | STHENO Fitness","48","Learn how to perform Stepmill Machine, which muscles it works, common mistakes, and practical coaching cues.","108","Stepmill Machine","","","STHENO Fitness | Personalized Fitness Coaching","Your fitness. Handled. Personalized training, nutrition, and coaching that adapts to real life.","https://www.sthenofitness.com/opengraph-image","summary_large_image","HowTo|Organization","","498","","","36","5",""
"https://www.sthenofitness.com/exercises/stepmill-machine-version-1","exercises","200","https://www.sthenofitness.com/exercises/stepmill-machine-version-1","index","true","true","Stepmill Machine Version 1 Exercise Guide | STHENO Fitness","58","Learn how to perform Stepmill Machine Version 1, which muscles it works, common mistakes, and practical coaching cues.","118","Stepmill Machine Version 1","","","STHENO Fitness | Personalized Fitness Coaching","Your fitness. Handled. Personalized training, nutrition, and coaching that adapts to real life.","https://www.sthenofitness.com/opengraph-image","summary_large_image","HowTo|Organization","","510","","","36","5",""
"https://www.sthenofitness.com/exercises/stiff-legged-deadlift-machine","exercises","200","https://www.sthenofitness.com/exercises/stiff-legged-deadlift-machine","index","true","true","Stiff-Legged Deadlift Machine Exercise Guide | STHENO Fitness","61","Learn how to perform Stiff-Legged Deadlift Machine, which muscles it works, common mistakes, and practical coaching cues.","121","Stiff-Legged Deadlift Machine","","","STHENO Fitness | Personalized Fitness Coaching","Your fitness. Handled. Personalized training, nutrition, and coaching that adapts to real life.","https://www.sthenofitness.com/opengraph-image","summary_large_image","HowTo|Organization","","464","","","30","5",""
"https://www.sthenofitness.com/exercises/straight-arm-pulldown","exercises","200","https://www.sthenofitness.com/exercises/straight-arm-pulldown","index","true","true","Straight-Arm Cable Pulldown Exercise Guide | STHENO Fitness","59","Learn how to perform Straight-Arm Cable Pulldown, which muscles it works, common mistakes, and practical coaching cues.","119","Straight-Arm Cable Pulldown","","","STHENO Fitness | Personalized Fitness Coaching","Your fitness. Handled. Personalized training, nutrition, and coaching that adapts to real life.","https://www.sthenofitness.com/opengraph-image","summary_large_image","HowTo|Organization","","420","","","36","5",""
"https://www.sthenofitness.com/exercises/suitcase-carry-dumbbell","exercises","200","https://www.sthenofitness.com/exercises/suitcase-carry-dumbbell","index","true","true","Dumbbell Suitcase Carry Exercise Guide | STHENO Fitness","55","Learn how to perform Dumbbell Suitcase Carry, which muscles it works, common mistakes, and practical coaching cues.","115","Dumbbell Suitcase Carry","","","STHENO Fitness | Personalized Fitness Coaching","Your fitness. Handled. Personalized training, nutrition, and coaching that adapts to real life.","https://www.sthenofitness.com/opengraph-image","summary_large_image","HowTo|Organization","","420","","","36","5",""
"https://www.sthenofitness.com/exercises/sumo-barbell-deadlift","exercises","200","https://www.sthenofitness.com/exercises/sumo-barbell-deadlift","index","true","true","Sumo Barbell Deadlift Exercise Guide | STHENO Fitness","53","Learn how to perform Sumo Barbell Deadlift, which muscles it works, common mistakes, and practical coaching cues.","113","Sumo Barbell Deadlift","","","STHENO Fitness | Personalized Fitness Coaching","Your fitness. Handled. Personalized training, nutrition, and coaching that adapts to real life.","https://www.sthenofitness.com/opengraph-image","summary_large_image","HowTo|Organization","","453","","","36","5",""
"https://www.sthenofitness.com/exercises/superman-hold","exercises","200","https://www.sthenofitness.com/exercises/superman-hold","index","true","true","Superman Hold Exercise Guide | STHENO Fitness","45","Learn how to perform Superman Hold, which muscles it works, common mistakes, and practical coaching cues.","105","Superman Hold","","","STHENO Fitness | Personalized Fitness Coaching","Your fitness. Handled. Personalized training, nutrition, and coaching that adapts to real life.","https://www.sthenofitness.com/opengraph-image","summary_large_image","HowTo|Organization","","446","","","36","5",""
"https://www.sthenofitness.com/exercises/supine-recovery-breathing","exercises","200","https://www.sthenofitness.com/exercises/supine-recovery-breathing","index","true","true","Supine Recovery Breathing Exercise Guide | STHENO Fitness","57","Learn how to perform Supine Recovery Breathing, which muscles it works, common mistakes, and practical coaching cues.","117","Supine Recovery Breathing","","","STHENO Fitness | Personalized Fitness Coaching","Your fitness. Handled. Personalized training, nutrition, and coaching that adapts to real life.","https://www.sthenofitness.com/opengraph-image","summary_large_image","HowTo|Organization","","510","","","36","5",""
"https://www.sthenofitness.com/exercises/supine-setup-pnf-hamstring-stretch","exercises","200","https://www.sthenofitness.com/exercises/supine-setup-pnf-hamstring-stretch","index","true","true","Supine Setup - Pnf Hamstring Stretch Exercise Guide | STHENO Fitness","68","Learn how to perform Supine Setup - Pnf Hamstring Stretch, which muscles it works, common mistakes, and practical coaching cues.","128","Supine Setup - Pnf Hamstring Stretch","","","STHENO Fitness | Personalized Fitness Coaching","Your fitness. Handled. Personalized training, nutrition, and coaching that adapts to real life.","https://www.sthenofitness.com/opengraph-image","summary_large_image","HowTo|Organization","","482","","","36","5",""
"https://www.sthenofitness.com/exercises/svend-press-chest","exercises","200","https://www.sthenofitness.com/exercises/svend-press-chest","index","true","true","Svend Press Chest Exercise Guide | STHENO Fitness","49","Learn how to perform Svend Press Chest, which muscles it works, common mistakes, and practical coaching cues.","109","Svend Press Chest","","","STHENO Fitness | Personalized Fitness Coaching","Your fitness. Handled. Personalized training, nutrition, and coaching that adapts to real life.","https://www.sthenofitness.com/opengraph-image","summary_large_image","HowTo|Organization","","507","","","35","5",""
"https://www.sthenofitness.com/exercises/t-bar-row","exercises","200","https://www.sthenofitness.com/exercises/t-bar-row","index","true","true","T-Bar Row Exercise Guide | STHENO Fitness","41","Learn how to perform T-Bar Row, which muscles it works, common mistakes, and practical coaching cues.","101","T-Bar Row","","","STHENO Fitness | Personalized Fitness Coaching","Your fitness. Handled. Personalized training, nutrition, and coaching that adapts to real life.","https://www.sthenofitness.com/opengraph-image","summary_large_image","HowTo|Organization","","396","","","36","5",""
"https://www.sthenofitness.com/exercises/tabletop-start-thoracic-bridge","exercises","200","https://www.sthenofitness.com/exercises/tabletop-start-thoracic-bridge","index","true","true","Tabletop Start - Thoracic Bridge Exercise Guide | STHENO Fitness","64","Learn how to perform Tabletop Start - Thoracic Bridge, which muscles it works, common mistakes, and practical coaching cues.","124","Tabletop Start - Thoracic Bridge","","","STHENO Fitness | Personalized Fitness Coaching","Your fitness. Handled. Personalized training, nutrition, and coaching that adapts to real life.","https://www.sthenofitness.com/opengraph-image","summary_large_image","HowTo|Organization","","513","","","36","5",""
"https://www.sthenofitness.com/exercises/tall-kneeling-band-overhead-press","exercises","200","https://www.sthenofitness.com/exercises/tall-kneeling-band-overhead-press","index","true","true","Tall-Kneeling Band Overhead Press Exercise Guide | STHENO Fitness","65","Learn how to perform Tall-Kneeling Band Overhead Press, which muscles it works, common mistakes, and practical coaching cues.","125","Tall-Kneeling Band Overhead Press","","","STHENO Fitness | Personalized Fitness Coaching","Your fitness. Handled. Personalized training, nutrition, and coaching that adapts to real life.","https://www.sthenofitness.com/opengraph-image","summary_large_image","HowTo|Organization","","428","","","36","5",""
"https://www.sthenofitness.com/exercises/tall-spine-seated-forward-fold","exercises","200","https://www.sthenofitness.com/exercises/tall-spine-seated-forward-fold","index","true","true","Tall Spine Seated Forward Fold Exercise Guide | STHENO Fitness","62","Learn how to perform Tall Spine Seated Forward Fold, which muscles it works, common mistakes, and practical coaching cues.","122","Tall Spine Seated Forward Fold","","","STHENO Fitness | Personalized Fitness Coaching","Your fitness. Handled. Personalized training, nutrition, and coaching that adapts to real life.","https://www.sthenofitness.com/opengraph-image","summary_large_image","HowTo|Organization","","518","","","36","5",""
"https://www.sthenofitness.com/exercises/tate-press","exercises","200","https://www.sthenofitness.com/exercises/tate-press","index","true","true","Tate Press Exercise Guide | STHENO Fitness","42","Learn how to perform Tate Press, which muscles it works, common mistakes, and practical coaching cues.","102","Tate Press","","","STHENO Fitness | Personalized Fitness Coaching","Your fitness. Handled. Personalized training, nutrition, and coaching that adapts to real life.","https://www.sthenofitness.com/opengraph-image","summary_large_image","HowTo|Organization","","503","","","36","5",""
"https://www.sthenofitness.com/exercises/tempo-barbell-back-squat","exercises","200","https://www.sthenofitness.com/exercises/tempo-barbell-back-squat","index","true","true","Tempo Barbell Back Squat Exercise Guide | STHENO Fitness","56","Learn how to perform Tempo Barbell Back Squat, which muscles it works, common mistakes, and practical coaching cues.","116","Tempo Barbell Back Squat","","","STHENO Fitness | Personalized Fitness Coaching","Your fitness. Handled. Personalized training, nutrition, and coaching that adapts to real life.","https://www.sthenofitness.com/opengraph-image","summary_large_image","HowTo|Organization","","430","","","36","5",""
"https://www.sthenofitness.com/exercises/toe-touch-crunch","exercises","200","https://www.sthenofitness.com/exercises/toe-touch-crunch","index","true","true","Toe Touch Crunch Exercise Guide | STHENO Fitness","48","Learn how to perform Toe Touch Crunch, which muscles it works, common mistakes, and practical coaching cues.","108","Toe Touch Crunch","","","STHENO Fitness | Personalized Fitness Coaching","Your fitness. Handled. Personalized training, nutrition, and coaching that adapts to real life.","https://www.sthenofitness.com/opengraph-image","summary_large_image","HowTo|Organization","","457","","","36","5",""
"https://www.sthenofitness.com/exercises/towel-grip-dumbbell-carry","exercises","200","https://www.sthenofitness.com/exercises/towel-grip-dumbbell-carry","index","true","true","Towel-Grip Dumbbell Carry Exercise Guide | STHENO Fitness","57","Learn how to perform Towel-Grip Dumbbell Carry, which muscles it works, common mistakes, and practical coaching cues.","117","Towel-Grip Dumbbell Carry","","","STHENO Fitness | Personalized Fitness Coaching","Your fitness. Handled. Personalized training, nutrition, and coaching that adapts to real life.","https://www.sthenofitness.com/opengraph-image","summary_large_image","HowTo|Organization","","421","","","36","5",""
"https://www.sthenofitness.com/exercises/trap-bar-deadlift","exercises","200","https://www.sthenofitness.com/exercises/trap-bar-deadlift","index","true","true","Trap Bar Deadlift Exercise Guide | STHENO Fitness","49","Learn how to perform Trap Bar Deadlift, which muscles it works, common mistakes, and practical coaching cues.","109","Trap Bar Deadlift","","","STHENO Fitness | Personalized Fitness Coaching","Your fitness. Handled. Personalized training, nutrition, and coaching that adapts to real life.","https://www.sthenofitness.com/opengraph-image","summary_large_image","HowTo|Organization","","429","","","36","5",""
"https://www.sthenofitness.com/exercises/tricepss-bench-dip","exercises","200","https://www.sthenofitness.com/exercises/tricepss-bench-dip","index","true","true","Triceps Bench Dip Exercise Guide | STHENO Fitness","49","Learn how to perform Triceps Bench Dip, which muscles it works, common mistakes, and practical coaching cues.","109","Triceps Bench Dip","","","STHENO Fitness | Personalized Fitness Coaching","Your fitness. Handled. Personalized training, nutrition, and coaching that adapts to real life.","https://www.sthenofitness.com/opengraph-image","summary_large_image","HowTo|Organization","","513","","","36","5",""
"https://www.sthenofitness.com/exercises/tricepss-cable-pushdown-rope-attachment","exercises","200","https://www.sthenofitness.com/exercises/tricepss-cable-pushdown-rope-attachment","index","true","true","Triceps Cable Pushdown (Rope Attachment) Exercise Guide | STHENO Fitness","72","Learn how to perform Triceps Cable Pushdown (Rope Attachment), which muscles it works, common mistakes, and practical coaching cues.","132","Triceps Cable Pushdown (Rope Attachment)","","","STHENO Fitness | Personalized Fitness Coaching","Your fitness. Handled. Personalized training, nutrition, and coaching that adapts to real life.","https://www.sthenofitness.com/opengraph-image","summary_large_image","HowTo|Organization","","471","","","36","5",""
"https://www.sthenofitness.com/exercises/tricepss-cable-pushdown-straight-bar-attachment","exercises","200","https://www.sthenofitness.com/exercises/tricepss-cable-pushdown-straight-bar-attachment","index","true","true","Triceps Cable Pushdown (Straight Bar Attachment) Exercise Guide | STHENO Fitness","80","Learn how to perform Triceps Cable Pushdown (Straight Bar Attachment), which muscles it works, common mistakes, and practical coaching cues.","140","Triceps Cable Pushdown (Straight Bar Attachment)","","","STHENO Fitness | Personalized Fitness Coaching","Your fitness. Handled. Personalized training, nutrition, and coaching that adapts to real life.","https://www.sthenofitness.com/opengraph-image","summary_large_image","HowTo|Organization","","466","","","36","5",""
"https://www.sthenofitness.com/exercises/tricepss-pushdown-cable-rope","exercises","200","https://www.sthenofitness.com/exercises/tricepss-pushdown-cable-rope","index","true","true","Triceps Pushdown (Cable - Rope) Exercise Guide | STHENO Fitness","63","Learn how to perform Triceps Pushdown (Cable - Rope), which muscles it works, common mistakes, and practical coaching cues.","123","Triceps Pushdown (Cable - Rope)","","","STHENO Fitness | Personalized Fitness Coaching","Your fitness. Handled. Personalized training, nutrition, and coaching that adapts to real life.","https://www.sthenofitness.com/opengraph-image","summary_large_image","HowTo|Organization","","516","","","36","5",""
"https://www.sthenofitness.com/exercises/tricepss-pushdown-cable-straight-bar","exercises","200","https://www.sthenofitness.com/exercises/tricepss-pushdown-cable-straight-bar","index","true","true","Triceps Pushdown (Cable - Straight Bar) Exercise Guide | STHENO Fitness","71","Learn how to perform Triceps Pushdown (Cable - Straight Bar), which muscles it works, common mistakes, and practical coaching cues.","131","Triceps Pushdown (Cable - Straight Bar)","","","STHENO Fitness | Personalized Fitness Coaching","Your fitness. Handled. Personalized training, nutrition, and coaching that adapts to real life.","https://www.sthenofitness.com/opengraph-image","summary_large_image","HowTo|Organization","","518","","","36","5",""
"https://www.sthenofitness.com/exercises/tripod-base-headstand","exercises","200","https://www.sthenofitness.com/exercises/tripod-base-headstand","index","true","true","Tripod Base Headstand Exercise Guide | STHENO Fitness","53","Learn how to perform Tripod Base Headstand, which muscles it works, common mistakes, and practical coaching cues.","113","Tripod Base Headstand","","","STHENO Fitness | Personalized Fitness Coaching","Your fitness. Handled. Personalized training, nutrition, and coaching that adapts to real life.","https://www.sthenofitness.com/opengraph-image","summary_large_image","HowTo|Organization","","519","","","36","5",""
"https://www.sthenofitness.com/exercises/tuck-jump","exercises","200","https://www.sthenofitness.com/exercises/tuck-jump","index","true","true","Tuck Jump Exercise Guide | STHENO Fitness","41","Learn how to perform Tuck Jump, which muscles it works, common mistakes, and practical coaching cues.","101","Tuck Jump","","","STHENO Fitness | Personalized Fitness Coaching","Your fitness. Handled. Personalized training, nutrition, and coaching that adapts to real life.","https://www.sthenofitness.com/opengraph-image","summary_large_image","HowTo|Organization","","447","","","36","5",""
"https://www.sthenofitness.com/exercises/twisted-sit-ups","exercises","200","https://www.sthenofitness.com/exercises/twisted-sit-ups","index","true","true","Twisted Sit-Ups Exercise Guide | STHENO Fitness","47","Learn how to perform Twisted Sit-Ups, which muscles it works, common mistakes, and practical coaching cues.","107","Twisted Sit-Ups","","","STHENO Fitness | Personalized Fitness Coaching","Your fitness. Handled. Personalized training, nutrition, and coaching that adapts to real life.","https://www.sthenofitness.com/opengraph-image","summary_large_image","HowTo|Organization","","502","","","36","5",""
"https://www.sthenofitness.com/exercises/ujjayi-heat-pranayama-ladder","exercises","200","https://www.sthenofitness.com/exercises/ujjayi-heat-pranayama-ladder","index","true","true","Ujjayi Heat Pranayama Ladder Exercise Guide | STHENO Fitness","60","Learn how to perform Ujjayi Heat Pranayama Ladder, which muscles it works, common mistakes, and practical coaching cues.","120","Ujjayi Heat Pranayama Ladder","","","STHENO Fitness | Personalized Fitness Coaching","Your fitness. Handled. Personalized training, nutrition, and coaching that adapts to real life.","https://www.sthenofitness.com/opengraph-image","summary_large_image","HowTo|Organization","","513","","","36","5",""
"https://www.sthenofitness.com/exercises/underhand-barbell-row","exercises","200","https://www.sthenofitness.com/exercises/underhand-barbell-row","index","true","true","Underhand Barbell Row Exercise Guide | STHENO Fitness","53","Learn how to perform Underhand Barbell Row, which muscles it works, common mistakes, and practical coaching cues.","113","Underhand Barbell Row","","","STHENO Fitness | Personalized Fitness Coaching","Your fitness. Handled. Personalized training, nutrition, and coaching that adapts to real life.","https://www.sthenofitness.com/opengraph-image","summary_large_image","HowTo|Organization","","430","","","36","5",""
"https://www.sthenofitness.com/exercises/underhand-lat-pulldown","exercises","200","https://www.sthenofitness.com/exercises/underhand-lat-pulldown","index","true","true","Underhand Lat Pulldown Exercise Guide | STHENO Fitness","54","Learn how to perform Underhand Lat Pulldown, which muscles it works, common mistakes, and practical coaching cues.","114","Underhand Lat Pulldown","","","STHENO Fitness | Personalized Fitness Coaching","Your fitness. Handled. Personalized training, nutrition, and coaching that adapts to real life.","https://www.sthenofitness.com/opengraph-image","summary_large_image","HowTo|Organization","","416","","","36","5",""
"https://www.sthenofitness.com/exercises/upper-body-cool-down-stretch","exercises","200","https://www.sthenofitness.com/exercises/upper-body-cool-down-stretch","index","true","true","Upper Body Cool Down Stretch Exercise Guide | STHENO Fitness","60","Learn how to perform Upper Body Cool Down Stretch, which muscles it works, common mistakes, and practical coaching cues.","120","Upper Body Cool Down Stretch","","","STHENO Fitness | Personalized Fitness Coaching","Your fitness. Handled. Personalized training, nutrition, and coaching that adapts to real life.","https://www.sthenofitness.com/opengraph-image","summary_large_image","HowTo|Organization","","489","","","36","5",""
"https://www.sthenofitness.com/exercises/uttanasana-standing-forward-fold","exercises","200","https://www.sthenofitness.com/exercises/uttanasana-standing-forward-fold","index","true","true","Uttanasana (Standing Forward Fold) Exercise Guide | STHENO Fitness","66","Learn how to perform Uttanasana (Standing Forward Fold), which muscles it works, common mistakes, and practical coaching cues.","126","Uttanasana (Standing Forward Fold)","","","STHENO Fitness | Personalized Fitness Coaching","Your fitness. Handled. Personalized training, nutrition, and coaching that adapts to real life.","https://www.sthenofitness.com/opengraph-image","summary_large_image","HowTo|Organization","","517","","","36","5",""
"https://www.sthenofitness.com/exercises/v-squat-machine","exercises","200","https://www.sthenofitness.com/exercises/v-squat-machine","index","true","true","V-Squat Machine Exercise Guide | STHENO Fitness","47","Learn how to perform V-Squat Machine, which muscles it works, common mistakes, and practical coaching cues.","107","V-Squat Machine","","","STHENO Fitness | Personalized Fitness Coaching","Your fitness. Handled. Personalized training, nutrition, and coaching that adapts to real life.","https://www.sthenofitness.com/opengraph-image","summary_large_image","HowTo|Organization","","433","","","36","5",""
"https://www.sthenofitness.com/exercises/v-up","exercises","200","https://www.sthenofitness.com/exercises/v-up","index","true","true","V-Up Exercise Guide | STHENO Fitness","36","Learn how to perform V-Up, which muscles it works, common mistakes, and practical coaching cues.","96","V-Up","","","STHENO Fitness | Personalized Fitness Coaching","Your fitness. Handled. Personalized training, nutrition, and coaching that adapts to real life.","https://www.sthenofitness.com/opengraph-image","summary_large_image","HowTo|Organization","","500","","","36","5",""
"https://www.sthenofitness.com/exercises/walk-on-treadmill","exercises","200","https://www.sthenofitness.com/exercises/walk-on-treadmill","index","true","true","Walk On Treadmill Exercise Guide | STHENO Fitness","49","Learn how to perform Walk On Treadmill, which muscles it works, common mistakes, and practical coaching cues.","109","Walk On Treadmill","","","STHENO Fitness | Personalized Fitness Coaching","Your fitness. Handled. Personalized training, nutrition, and coaching that adapts to real life.","https://www.sthenofitness.com/opengraph-image","summary_large_image","HowTo|Organization","","503","","","36","5",""
"https://www.sthenofitness.com/exercises/walking-lunge-dumbbell","exercises","200","https://www.sthenofitness.com/exercises/walking-lunge-dumbbell","index","true","true","Dumbbell Walking Lunge Exercise Guide | STHENO Fitness","54","Learn how to perform Dumbbell Walking Lunge, which muscles it works, common mistakes, and practical coaching cues.","114","Dumbbell Walking Lunge","","","STHENO Fitness | Personalized Fitness Coaching","Your fitness. Handled. Personalized training, nutrition, and coaching that adapts to real life.","https://www.sthenofitness.com/opengraph-image","summary_large_image","HowTo|Organization","","425","","","36","5",""
"https://www.sthenofitness.com/exercises/wall-sit","exercises","200","https://www.sthenofitness.com/exercises/wall-sit","index","true","true","Wall Sit Exercise Guide | STHENO Fitness","40","Learn how to perform Wall Sit, which muscles it works, common mistakes, and practical coaching cues.","100","Wall Sit","","","STHENO Fitness | Personalized Fitness Coaching","Your fitness. Handled. Personalized training, nutrition, and coaching that adapts to real life.","https://www.sthenofitness.com/opengraph-image","summary_large_image","HowTo|Organization","","432","","","36","5",""
"https://www.sthenofitness.com/exercises/wall-slide-bodyweight","exercises","200","https://www.sthenofitness.com/exercises/wall-slide-bodyweight","index","true","true","Wall Slide Exercise Guide | STHENO Fitness","42","Learn how to perform Wall Slide, which muscles it works, common mistakes, and practical coaching cues.","102","Wall Slide","","","STHENO Fitness | Personalized Fitness Coaching","Your fitness. Handled. Personalized training, nutrition, and coaching that adapts to real life.","https://www.sthenofitness.com/opengraph-image","summary_large_image","HowTo|Organization","","436","","","36","5",""
"https://www.sthenofitness.com/exercises/warrior-1-alignment","exercises","200","https://www.sthenofitness.com/exercises/warrior-1-alignment","index","true","true","Warrior 1 Alignment Exercise Guide | STHENO Fitness","51","Learn how to perform Warrior 1 Alignment, which muscles it works, common mistakes, and practical coaching cues.","111","Warrior 1 Alignment","","","STHENO Fitness | Personalized Fitness Coaching","Your fitness. Handled. Personalized training, nutrition, and coaching that adapts to real life.","https://www.sthenofitness.com/opengraph-image","summary_large_image","HowTo|Organization","","513","","","36","5",""
"https://www.sthenofitness.com/exercises/weighted-pushup","exercises","200","https://www.sthenofitness.com/exercises/weighted-pushup","index","true","true","Weighted Push Up Exercise Guide | STHENO Fitness","48","Learn how to perform Weighted Push Up, which muscles it works, common mistakes, and practical coaching cues.","108","Weighted Push Up","","","STHENO Fitness | Personalized Fitness Coaching","Your fitness. Handled. Personalized training, nutrition, and coaching that adapts to real life.","https://www.sthenofitness.com/opengraph-image","summary_large_image","HowTo|Organization","","510","","","36","5",""
"https://www.sthenofitness.com/exercises/weighted-step-up","exercises","200","https://www.sthenofitness.com/exercises/weighted-step-up","index","true","true","Weighted Step-Up Exercise Guide | STHENO Fitness","48","Learn how to perform Weighted Step-Up, which muscles it works, common mistakes, and practical coaching cues.","108","Weighted Step-Up","","","STHENO Fitness | Personalized Fitness Coaching","Your fitness. Handled. Personalized training, nutrition, and coaching that adapts to real life.","https://www.sthenofitness.com/opengraph-image","summary_large_image","HowTo|Organization","","478","","","36","5",""
"https://www.sthenofitness.com/exercises/wide-grip-barbell-curl","exercises","200","https://www.sthenofitness.com/exercises/wide-grip-barbell-curl","index","true","true","Wide Grip Barbell Curl Exercise Guide | STHENO Fitness","54","Learn how to perform Wide Grip Barbell Curl, which muscles it works, common mistakes, and practical coaching cues.","114","Wide Grip Barbell Curl","","","STHENO Fitness | Personalized Fitness Coaching","Your fitness. Handled. Personalized training, nutrition, and coaching that adapts to real life.","https://www.sthenofitness.com/opengraph-image","summary_large_image","HowTo|Organization","","455","","","36","5",""
"https://www.sthenofitness.com/exercises/wide-grip-cable-row","exercises","200","https://www.sthenofitness.com/exercises/wide-grip-cable-row","index","true","true","Wide-Grip Seated Cable Row Exercise Guide | STHENO Fitness","58","Learn how to perform Wide-Grip Seated Cable Row, which muscles it works, common mistakes, and practical coaching cues.","118","Wide-Grip Seated Cable Row","","","STHENO Fitness | Personalized Fitness Coaching","Your fitness. Handled. Personalized training, nutrition, and coaching that adapts to real life.","https://www.sthenofitness.com/opengraph-image","summary_large_image","HowTo|Organization","","436","","","36","5",""
"https://www.sthenofitness.com/exercises/wide-grip-lat-pulldown","exercises","200","https://www.sthenofitness.com/exercises/wide-grip-lat-pulldown","index","true","true","Wide-Grip Lat Pulldown Exercise Guide | STHENO Fitness","54","Learn how to perform Wide-Grip Lat Pulldown, which muscles it works, common mistakes, and practical coaching cues.","114","Wide-Grip Lat Pulldown","","","STHENO Fitness | Personalized Fitness Coaching","Your fitness. Handled. Personalized training, nutrition, and coaching that adapts to real life.","https://www.sthenofitness.com/opengraph-image","summary_large_image","HowTo|Organization","","448","","","36","5",""
"https://www.sthenofitness.com/exercises/wide-grip-pullup","exercises","200","https://www.sthenofitness.com/exercises/wide-grip-pullup","index","true","true","Wide Grip Pull-Up Exercise Guide | STHENO Fitness","49","Learn how to perform Wide Grip Pull-Up, which muscles it works, common mistakes, and practical coaching cues.","109","Wide Grip Pull-Up","","","STHENO Fitness | Personalized Fitness Coaching","Your fitness. Handled. Personalized training, nutrition, and coaching that adapts to real life.","https://www.sthenofitness.com/opengraph-image","summary_large_image","HowTo|Organization","","450","","","36","5",""
"https://www.sthenofitness.com/exercises/wide-push-up","exercises","200","https://www.sthenofitness.com/exercises/wide-push-up","index","true","true","Wide Push-Up Exercise Guide | STHENO Fitness","44","Learn how to perform Wide Push-Up, which muscles it works, common mistakes, and practical coaching cues.","104","Wide Push-Up","","","STHENO Fitness | Personalized Fitness Coaching","Your fitness. Handled. Personalized training, nutrition, and coaching that adapts to real life.","https://www.sthenofitness.com/opengraph-image","summary_large_image","HowTo|Organization","","434","","","36","5",""
"https://www.sthenofitness.com/exercises/yates-row","exercises","200","https://www.sthenofitness.com/exercises/yates-row","index","true","true","Yates Row Exercise Guide | STHENO Fitness","41","Learn how to perform Yates Row, which muscles it works, common mistakes, and practical coaching cues.","101","Yates Row","","","STHENO Fitness | Personalized Fitness Coaching","Your fitness. Handled. Personalized training, nutrition, and coaching that adapts to real life.","https://www.sthenofitness.com/opengraph-image","summary_large_image","HowTo|Organization","","448","","","36","5",""
"https://www.sthenofitness.com/exercises/zercher-squat","exercises","200","https://www.sthenofitness.com/exercises/zercher-squat","index","true","true","Zercher Squat Exercise Guide | STHENO Fitness","45","Learn how to perform Zercher Squat, which muscles it works, common mistakes, and practical coaching cues.","105","Zercher Squat","","","STHENO Fitness | Personalized Fitness Coaching","Your fitness. Handled. Personalized training, nutrition, and coaching that adapts to real life.","https://www.sthenofitness.com/opengraph-image","summary_large_image","HowTo|Organization","","427","","","36","5",""
"https://www.sthenofitness.com/faq","faq","200","https://www.sthenofitness.com/faq","index","true","true","Fitness Coaching FAQ | STHENO Fitness","37","Answers about STHENO personalized training, nutrition guidance, coaching, membership, billing, and account data.","112","Clear answers before you begin.","","","Fitness Coaching FAQ","Answers about STHENO personalized training, nutrition guidance, coaching, membership, billing, and account data.","https://www.sthenofitness.com/opengraph-image","summary_large_image","Organization","","669","","","27","5",""
"https://www.sthenofitness.com/insights","insights","200","https://www.sthenofitness.com/insights","index","true","true","Fitness Insights | STHENO Fitness","33","Straightforward fitness guides for decisions you can make today.","64","Fitness advice you can actually use.","","","STHENO Fitness | Personalized Fitness Coaching","Your fitness. Handled. Personalized training, nutrition, and coaching that adapts to real life.","https://www.sthenofitness.com/opengraph-image","summary_large_image","Organization","","859","","","57","5",""
"https://www.sthenofitness.com/insights/calories-and-macros","insights","200","https://www.sthenofitness.com/insights/calories-and-macros","index","true","true","Calories and Macros: What Matters Most? | STHENO Fitness","56","Energy balance shapes weight trend; protein and food pattern help shape performance, composition, and adherence.","112","Calories and Macros: What Matters Most?","2026-08-18","2026-08-18","Calories and Macros: What Matters Most?","Energy balance shapes weight trend; protein and food pattern help shape performance, composition, and adherence.","https://www.sthenofitness.com/opengraph-image","summary_large_image","BlogPosting|Organization","","2064","","","33","10",""
"https://www.sthenofitness.com/insights/carbs-for-training","insights","200","https://www.sthenofitness.com/insights/carbs-for-training","index","true","true","Carbs Are Not the Enemy: What They Actually Do for Training | STHENO Fitness","76","Carbohydrate is a useful training fuel, not a moral category.","61","Carbs Are Not the Enemy: What They Actually Do for Training","2026-08-18","2026-08-18","Carbs Are Not the Enemy: What They Actually Do for Training","Carbohydrate is a useful training fuel, not a moral category.","https://www.sthenofitness.com/opengraph-image","summary_large_image","BlogPosting|Organization","","2055","","","33","10",""
"https://www.sthenofitness.com/insights/creatine-guide","insights","200","https://www.sthenofitness.com/insights/creatine-guide","index","true","true","Creatine: What It Does, How Much to Take, and What It Doesn’t Do | STHENO Fitness","81","Creatine monohydrate can modestly support repeated high-intensity performance; it does not replace training.","108","Creatine: What It Does, How Much to Take, and What It Doesn’t Do","2026-08-18","2026-08-18","Creatine: What It Does, How Much to Take, and What It Doesn’t Do","Creatine monohydrate can modestly support repeated high-intensity performance; it does not replace training.","https://www.sthenofitness.com/opengraph-image","summary_large_image","BlogPosting|Organization","","2013","","","32","10",""
"https://www.sthenofitness.com/insights/fitness-after-40","insights","200","https://www.sthenofitness.com/insights/fitness-after-40","index","true","true","Fitness After 40: What Actually Needs to Change? | STHENO Fitness","65","The principles stay stable; warm-up, recovery, progression rate, and individual constraints deserve closer attention.","117","Fitness After 40: What Actually Needs to Change?","2026-08-18","2026-08-18","Fitness After 40: What Actually Needs to Change?","The principles stay stable; warm-up, recovery, progression rate, and individual constraints deserve closer attention.","https://www.sthenofitness.com/opengraph-image","summary_large_image","BlogPosting|Organization","","2009","","","33","10",""
"https://www.sthenofitness.com/insights/flexible-fitness-eating","insights","200","https://www.sthenofitness.com/insights/flexible-fitness-eating","index","true","true","How to Eat for Fitness Without Following a Rigid Meal Plan | STHENO Fitness","75","Use repeatable meal anchors and flexible portions instead of pursuing perfect menus.","84","How to Eat for Fitness Without Following a Rigid Meal Plan","2026-08-18","2026-08-18","How to Eat for Fitness Without Following a Rigid Meal Plan","Use repeatable meal anchors and flexible portions instead of pursuing perfect menus.","https://www.sthenofitness.com/opengraph-image","summary_large_image","BlogPosting|Organization","","2064","","","33","10",""
"https://www.sthenofitness.com/insights/how-fat-loss-works","insights","200","https://www.sthenofitness.com/insights/how-fat-loss-works","index","true","true","How Fat Loss Actually Works | STHENO Fitness","44","Fat loss requires an energy deficit over time, while food quality, protein, training, sleep, and environment affect how sustainable it is.","138","How Fat Loss Actually Works","2026-08-18","2026-08-18","How Fat Loss Actually Works","Fat loss requires an energy deficit over time, while food quality, protein, training, sleep, and environment affect how sustainable it is.","https://www.sthenofitness.com/opengraph-image","summary_large_image","BlogPosting|Organization","","2083","","","33","10",""
"https://www.sthenofitness.com/insights/how-long-should-workout-take","insights","200","https://www.sthenofitness.com/insights/how-long-should-workout-take","index","true","true","How Long Should a Good Workout Take? | STHENO Fitness","53","Most productive sessions fit in 35–75 minutes when exercise selection and rest are intentional.","95","How Long Should a Good Workout Take?","2026-08-18","2026-08-18","How Long Should a Good Workout Take?","Most productive sessions fit in 35–75 minutes when exercise selection and rest are intentional.","https://www.sthenofitness.com/opengraph-image","summary_large_image","BlogPosting|Organization","","2078","","","33","10",""
"https://www.sthenofitness.com/insights/how-many-days-work-out","insights","200","https://www.sthenofitness.com/insights/how-many-days-work-out","index","true","true","How Many Days a Week Should You Work Out? | STHENO Fitness","58","Two to four well-designed days cover most goals; the right number is the one your recovery and schedule support.","112","How Many Days a Week Should You Work Out?","2026-08-18","2026-08-18","How Many Days a Week Should You Work Out?","Two to four well-designed days cover most goals; the right number is the one your recovery and schedule support.","https://www.sthenofitness.com/opengraph-image","summary_large_image","BlogPosting|Organization","","2100","","","33","10",""
"https://www.sthenofitness.com/insights/how-much-protein","insights","200","https://www.sthenofitness.com/insights/how-much-protein","index","true","true","How Much Protein Do You Actually Need? | STHENO Fitness","55","A daily range around 1.6–2.0 g/kg is a practical starting point for many healthy training adults.","97","How Much Protein Do You Actually Need?","2026-08-18","2026-08-18","How Much Protein Do You Actually Need?","A daily range around 1.6–2.0 g/kg is a practical starting point for many healthy training adults.","https://www.sthenofitness.com/opengraph-image","summary_large_image","BlogPosting|Organization","","2072","","","33","10",""
"https://www.sthenofitness.com/insights/lose-fat-preserve-muscle","insights","200","https://www.sthenofitness.com/insights/lose-fat-preserve-muscle","index","true","true","How to Lose Fat Without Sacrificing Muscle | STHENO Fitness","59","Strength training, sufficient protein, and a moderate deficit are the core muscle-retention tools.","98","How to Lose Fat Without Sacrificing Muscle","2026-08-18","2026-08-18","How to Lose Fat Without Sacrificing Muscle","Strength training, sufficient protein, and a moderate deficit are the core muscle-retention tools.","https://www.sthenofitness.com/opengraph-image","summary_large_image","BlogPosting|Organization","","2060","","","33","10",""
"https://www.sthenofitness.com/insights/missed-workout","insights","200","https://www.sthenofitness.com/insights/missed-workout","index","true","true","What to Do When You Miss a Workout | STHENO Fitness","51","Resume the plan without punishment; rearrange only when it improves the rest of the week.","89","What to Do When You Miss a Workout","2026-08-18","2026-08-18","What to Do When You Miss a Workout","Resume the plan without punishment; rearrange only when it improves the rest of the week.","https://www.sthenofitness.com/opengraph-image","summary_large_image","BlogPosting|Organization","","2012","","","33","10",""
"https://www.sthenofitness.com/insights/progressive-overload-guide","insights","200","https://www.sthenofitness.com/insights/progressive-overload-guide","index","true","true","How Progressive Overload Actually Works | STHENO Fitness","56","Progressive overload is a long-term pattern of increased challenge, not an obligation to add weight every workout.","114","How Progressive Overload Actually Works","2026-08-18","2026-08-18","How Progressive Overload Actually Works","Progressive overload is a long-term pattern of increased challenge, not an obligation to add weight every workout.","https://www.sthenofitness.com/opengraph-image","summary_large_image","BlogPosting|Organization","","2069","","","33","10",""
"https://www.sthenofitness.com/insights/protein-powder","insights","200","https://www.sthenofitness.com/insights/protein-powder","index","true","true","Protein Powder: Useful Tool or Expensive Necessity? | STHENO Fitness","68","Protein powder is convenient food, not a requirement or shortcut.","65","Protein Powder: Useful Tool or Expensive Necessity?","2026-08-18","2026-08-18","Protein Powder: Useful Tool or Expensive Necessity?","Protein powder is convenient food, not a requirement or shortcut.","https://www.sthenofitness.com/opengraph-image","summary_large_image","BlogPosting|Organization","","1995","","","32","10",""
"https://www.sthenofitness.com/insights/safe-weight-loss-rate","insights","200","https://www.sthenofitness.com/insights/safe-weight-loss-rate","index","true","true","How Fast Should You Lose Weight? | STHENO Fitness","49","A moderate pace protects training quality and makes course correction easier.","77","How Fast Should You Lose Weight?","2026-08-18","2026-08-18","How Fast Should You Lose Weight?","A moderate pace protects training quality and makes course correction easier.","https://www.sthenofitness.com/opengraph-image","summary_large_image","BlogPosting|Organization","","2041","","","33","10",""
"https://www.sthenofitness.com/insights/scale-weight-fluctuations","insights","200","https://www.sthenofitness.com/insights/scale-weight-fluctuations","index","true","true","Why Your Weight Can Go Up Even When You’re Losing Fat | STHENO Fitness","70","Water, food mass, sodium, carbohydrate, and menstrual-cycle changes can hide a real fat-loss trend.","99","Why Your Weight Can Go Up Even When You’re Losing Fat","2026-08-18","2026-08-18","Why Your Weight Can Go Up Even When You’re Losing Fat","Water, food mass, sodium, carbohydrate, and menstrual-cycle changes can hide a real fat-loss trend.","https://www.sthenofitness.com/opengraph-image","summary_large_image","BlogPosting|Organization","","2053","","","33","10",""
"https://www.sthenofitness.com/insights/sleep-fitness-results","insights","200","https://www.sthenofitness.com/insights/sleep-fitness-results","index","true","true","How Much Does Sleep Matter for Strength, Muscle, and Fat Loss? | STHENO Fitness","79","Sleep affects performance, appetite, learning, and recovery, but one poor night does not erase progress.","104","How Much Does Sleep Matter for Strength, Muscle, and Fat Loss?","2026-08-18","2026-08-18","How Much Does Sleep Matter for Strength, Muscle, and Fat Loss?","Sleep affects performance, appetite, learning, and recovery, but one poor night does not erase progress.","https://www.sthenofitness.com/opengraph-image","summary_large_image","BlogPosting|Organization","","2024","","","33","10",""
"https://www.sthenofitness.com/insights/start-working-out","insights","200","https://www.sthenofitness.com/insights/start-working-out","index","true","true","How to Start Working Out When You Don’t Know Where to Begin | STHENO Fitness","76","Start smaller than your motivation suggests: two repeatable full-body sessions beat an elaborate plan you cannot sustain.","121","How to Start Working Out When You Don’t Know Where to Begin","2026-08-18","2026-08-18","How to Start Working Out When You Don’t Know Where to Begin","Start smaller than your motivation suggests: two repeatable full-body sessions beat an elaborate plan you cannot sustain.","https://www.sthenofitness.com/opengraph-image","summary_large_image","BlogPosting|Organization","","2112","","","33","10",""
"https://www.sthenofitness.com/insights/strength-plateau","insights","200","https://www.sthenofitness.com/insights/strength-plateau","index","true","true","Why Your Strength Has Stopped Increasing | STHENO Fitness","57","Plateaus are diagnostic: review technique, programming, recovery, nutrition, and the time scale before changing everything.","123","Why Your Strength Has Stopped Increasing","2026-08-18","2026-08-18","Why Your Strength Has Stopped Increasing","Plateaus are diagnostic: review technique, programming, recovery, nutrition, and the time scale before changing everything.","https://www.sthenofitness.com/opengraph-image","summary_large_image","BlogPosting|Organization","","2060","","","33","10",""
"https://www.sthenofitness.com/insights/supplements-worth-considering","insights","200","https://www.sthenofitness.com/insights/supplements-worth-considering","index","true","true","Which Workout Supplements Are Actually Worth Considering? | STHENO Fitness","74","Most people need fewer supplements than marketing suggests; evaluate benefit, dose, testing, cost, and risk.","108","Which Workout Supplements Are Actually Worth Considering?","2026-08-18","2026-08-18","Which Workout Supplements Are Actually Worth Considering?","Most people need fewer supplements than marketing suggests; evaluate benefit, dose, testing, cost, and risk.","https://www.sthenofitness.com/opengraph-image","summary_large_image","BlogPosting|Organization","","2003","","","32","10",""
"https://www.sthenofitness.com/insights/three-four-five-training-days","insights","200","https://www.sthenofitness.com/insights/three-four-five-training-days","index","true","true","Three Days vs. Four Days vs. Five Days: How Much Should You Train? | STHENO Fitness","83","Frequency distributes work; it does not create results independently of weekly dose and consistency.","100","Three Days vs. Four Days vs. Five Days: How Much Should You Train?","2026-08-18","2026-08-18","Three Days vs. Four Days vs. Five Days: How Much Should You Train?","Frequency distributes work; it does not create results independently of weekly dose and consistency.","https://www.sthenofitness.com/opengraph-image","summary_large_image","BlogPosting|Organization","","2074","","","33","10",""
"https://www.sthenofitness.com/insights/train-to-failure","insights","200","https://www.sthenofitness.com/insights/train-to-failure","index","true","true","Do You Need to Train to Failure? | STHENO Fitness","49","Most growth can happen close to failure; taking every set to failure adds fatigue that is not always useful.","108","Do You Need to Train to Failure?","2026-08-18","2026-08-18","Do You Need to Train to Failure?","Most growth can happen close to failure; taking every set to failure adds fatigue that is not always useful.","https://www.sthenofitness.com/opengraph-image","summary_large_image","BlogPosting|Organization","","2086","","","33","10",""
"https://www.sthenofitness.com/insights/training-dose-build-muscle","insights","200","https://www.sthenofitness.com/insights/training-dose-build-muscle","index","true","true","How Much Training Do You Need to Build Muscle? | STHENO Fitness","63","Begin with enough challenging weekly sets to progress, then add only when recovery and performance support it.","110","How Much Training Do You Need to Build Muscle?","2026-08-18","2026-08-18","How Much Training Do You Need to Build Muscle?","Begin with enough challenging weekly sets to progress, then add only when recovery and performance support it.","https://www.sthenofitness.com/opengraph-image","summary_large_image","BlogPosting|Organization","","2077","","","33","10",""
"https://www.sthenofitness.com/insights/training-while-traveling","insights","200","https://www.sthenofitness.com/insights/training-while-traveling","index","true","true","How to Keep Training When You Travel | STHENO Fitness","53","Preserve the habit with short, equipment-flexible sessions and lower expectations for progression.","98","How to Keep Training When You Travel","2026-08-18","2026-08-18","How to Keep Training When You Travel","Preserve the habit with short, equipment-flexible sessions and lower expectations for progression.","https://www.sthenofitness.com/opengraph-image","summary_large_image","BlogPosting|Organization","","2004","","","33","10",""
"https://www.sthenofitness.com/insights/when-change-exercises","insights","200","https://www.sthenofitness.com/insights/when-change-exercises","index","true","true","Do You Need to Change Exercises to Keep Making Progress? | STHENO Fitness","73","Keep useful exercises long enough to learn and measure them; change when fit, pain, equipment, or stagnation gives a reason.","124","Do You Need to Change Exercises to Keep Making Progress?","2026-08-18","2026-08-18","Do You Need to Change Exercises to Keep Making Progress?","Keep useful exercises long enough to learn and measure them; change when fit, pain, equipment, or stagnation gives a reason.","https://www.sthenofitness.com/opengraph-image","summary_large_image","BlogPosting|Organization","","2073","","","33","10",""
"https://www.sthenofitness.com/insights/workout-schedule-you-can-keep","insights","200","https://www.sthenofitness.com/insights/workout-schedule-you-can-keep","index","true","true","The Best Workout Schedule Is the One You Can Actually Keep | STHENO Fitness","75","A schedule becomes effective through repetition, not novelty.","61","The Best Workout Schedule Is the One You Can Actually Keep","2026-08-18","2026-08-18","The Best Workout Schedule Is the One You Can Actually Keep","A schedule becomes effective through repetition, not novelty.","https://www.sthenofitness.com/opengraph-image","summary_large_image","BlogPosting|Organization","","2057","","","33","10",""
"https://www.sthenofitness.com/library","library","200","https://www.sthenofitness.com/library","index","true","true","Free Fitness Library | STHENO Fitness","37","Evidence-led fitness tools, practical guides, and reviewed exercise education.","78","Clear answers. Useful tools. No fitness theater.","","","STHENO Fitness | Personalized Fitness Coaching","Your fitness. Handled. Personalized training, nutrition, and coaching that adapts to real life.","https://www.sthenofitness.com/opengraph-image","summary_large_image","Organization","","257","","","39","5",""
"https://www.sthenofitness.com/library/fat-loss","library","200","https://www.sthenofitness.com/library/fat-loss","index","true","true","Fat Loss Guides | STHENO Fitness","32","Understand weight trends and plan a sustainable rate of change.","63","Fat Loss","","","STHENO Fitness | Personalized Fitness Coaching","Your fitness. Handled. Personalized training, nutrition, and coaching that adapts to real life.","https://www.sthenofitness.com/opengraph-image","summary_large_image","Organization","","208","","","31","5",""
"https://www.sthenofitness.com/library/muscle-strength","library","200","https://www.sthenofitness.com/library/muscle-strength","index","true","true","Muscle Strength Guides | STHENO Fitness","39","Apply useful volume, effort, exercise selection, and progression.","65","Muscle Strength","","","STHENO Fitness | Personalized Fitness Coaching","Your fitness. Handled. Personalized training, nutrition, and coaching that adapts to real life.","https://www.sthenofitness.com/opengraph-image","summary_large_image","Organization","","282","","","33","5",""
"https://www.sthenofitness.com/library/nutrition","library","200","https://www.sthenofitness.com/library/nutrition","index","true","true","Nutrition Guides | STHENO Fitness","33","Use calories, protein, and flexible food structure without rigid rules.","71","Nutrition","","","STHENO Fitness | Personalized Fitness Coaching","Your fitness. Handled. Personalized training, nutrition, and coaching that adapts to real life.","https://www.sthenofitness.com/opengraph-image","summary_large_image","Organization","","205","","","31","5",""
"https://www.sthenofitness.com/library/recovery","library","200","https://www.sthenofitness.com/library/recovery","index","true","true","Recovery Guides | STHENO Fitness","32","Keep training workable through sleep, missed sessions, travel, and life.","72","Recovery","","","STHENO Fitness | Personalized Fitness Coaching","Your fitness. Handled. Personalized training, nutrition, and coaching that adapts to real life.","https://www.sthenofitness.com/opengraph-image","summary_large_image","Organization","","207","","","31","5",""
"https://www.sthenofitness.com/library/supplements","library","200","https://www.sthenofitness.com/library/supplements","index","true","true","Supplements Guides | STHENO Fitness","35","Separate useful options from expensive promises.","48","Supplements","","","STHENO Fitness | Personalized Fitness Coaching","Your fitness. Handled. Personalized training, nutrition, and coaching that adapts to real life.","https://www.sthenofitness.com/opengraph-image","summary_large_image","Organization","","172","","","30","5",""
"https://www.sthenofitness.com/library/training","library","200","https://www.sthenofitness.com/library/training","index","true","true","Training Guides | STHENO Fitness","32","Build a schedule, learn progression, and make each session useful.","66","Training","","","STHENO Fitness | Personalized Fitness Coaching","Your fitness. Handled. Personalized training, nutrition, and coaching that adapts to real life.","https://www.sthenofitness.com/opengraph-image","summary_large_image","Organization","","402","","","37","5",""
"https://www.sthenofitness.com/methodology","methodology","200","https://www.sthenofitness.com/methodology","index","true","true","Methodology Editorial Standard | STHENO Fitness","47","How STHENO handles estimates, evidence, review status, safety boundaries, and updates.","86","How STHENO makes a recommendation.","","","STHENO Fitness | Personalized Fitness Coaching","Your fitness. Handled. Personalized training, nutrition, and coaching that adapts to real life.","https://www.sthenofitness.com/opengraph-image","summary_large_image","Organization","","333","","","28","5",""
"https://www.sthenofitness.com/pricing","pricing","200","https://www.sthenofitness.com/pricing","index","true","true","Pricing | Adaptive Fitness from $14.99/mo | STHENO Fitness","58","Keep training and nutrition aligned when schedules, travel, equipment, and progress change after a 14-day trial.","112","One membership. Your whole plan.","","","Pricing | Adaptive Fitness from $14.99/mo","Keep training and nutrition aligned when schedules, travel, equipment, and progress change after a 14-day trial.","https://www.sthenofitness.com/opengraph-image","summary_large_image","Organization","","300","","","29","5",""
"https://www.sthenofitness.com/tools","tools","200","https://www.sthenofitness.com/tools","index","true","true","20 Free Fitness Calculators Tools | STHENO Fitness","50","Practical calculators for calories, protein, strength, running, body composition, and training plans.","101","Start with a number. Leave with a plan.","","","STHENO Fitness | Personalized Fitness Coaching","Your fitness. Handled. Personalized training, nutrition, and coaching that adapts to real life.","https://www.sthenofitness.com/opengraph-image","summary_large_image","Organization","","461","","","45","5",""
"https://www.sthenofitness.com/tools/bmi-context","tools","200","https://www.sthenofitness.com/tools/bmi-context","index","true","true","BMI with Context | STHENO Fitness","33","Calculate BMI and understand what it can—and cannot—tell you.","61","BMI with Context","","","BMI with Context","Calculate BMI and understand what it can—and cannot—tell you.","","summary_large_image","WebApplication|Organization","","149","","","27","5",""
"https://www.sthenofitness.com/tools/body-fat-estimate","tools","200","https://www.sthenofitness.com/tools/body-fat-estimate","index","true","true","Body-Fat Estimate | STHENO Fitness","34","Explore a rough screening estimate with prominent limitations.","62","Body-Fat Estimate","","","Body-Fat Estimate","Explore a rough screening estimate with prominent limitations.","","summary_large_image","WebApplication|Organization","","130","","","27","5",""
"https://www.sthenofitness.com/tools/calorie-tdee","tools","200","https://www.sthenofitness.com/tools/calorie-tdee","index","true","true","Calorie TDEE Calculator | STHENO Fitness","40","Estimate the energy your body uses in a typical day.","52","Calorie TDEE Calculator","","","Calorie &amp; TDEE Calculator","Estimate the energy your body uses in a typical day.","","summary_large_image","WebApplication|Organization","","150","","","27","5",""
"https://www.sthenofitness.com/tools/creatine-guidance","tools","200","https://www.sthenofitness.com/tools/creatine-guidance","index","true","true","Creatine Guidance | STHENO Fitness","34","Understand the well-studied, simple approach to creatine.","57","Creatine Guidance","","","Creatine Guidance","Understand the well-studied, simple approach to creatine.","","summary_large_image","WebApplication|Organization","","117","","","27","5",""
"https://www.sthenofitness.com/tools/fitness-starting-point","tools","200","https://www.sthenofitness.com/tools/fitness-starting-point","index","true","true","Fitness Starting-Point Tool | STHENO Fitness","44","Choose a calm first-week training target.","41","Fitness Starting-Point Tool","","","Fitness Starting-Point Tool","Choose a calm first-week training target.","","summary_large_image","WebApplication|Organization","","119","","","27","5",""
"https://www.sthenofitness.com/tools/heart-rate-zones","tools","200","https://www.sthenofitness.com/tools/heart-rate-zones","index","true","true","Heart-Rate Zone Calculator | STHENO Fitness","43","Estimate broad training zones from age and resting heart rate.","62","Heart-Rate Zone Calculator","","","Heart-Rate Zone Calculator","Estimate broad training zones from age and resting heart rate.","","summary_large_image","WebApplication|Organization","","124","","","27","5",""
"https://www.sthenofitness.com/tools/hydration-guidance","tools","200","https://www.sthenofitness.com/tools/hydration-guidance","index","true","true","Hydration Guidance | STHENO Fitness","35","Set a practical daily fluid starting point.","43","Hydration Guidance","","","Hydration Guidance","Set a practical daily fluid starting point.","","summary_large_image","WebApplication|Organization","","117","","","27","5",""
"https://www.sthenofitness.com/tools/lean-body-mass","tools","200","https://www.sthenofitness.com/tools/lean-body-mass","index","true","true","Lean Body Mass | STHENO Fitness","31","Estimate lean mass from body weight and a body-fat estimate.","60","Lean Body Mass","","","Lean Body Mass","Estimate lean mass from body weight and a body-fat estimate.","","summary_large_image","WebApplication|Organization","","127","","","27","5",""
"https://www.sthenofitness.com/tools/lean-gain-target","tools","200","https://www.sthenofitness.com/tools/lean-gain-target","index","true","true","Lean-Gain Target | STHENO Fitness","33","Set a restrained rate of gain that supports training.","53","Lean-Gain Target","","","Lean-Gain Target","Set a restrained rate of gain that supports training.","","summary_large_image","WebApplication|Organization","","146","","","27","5",""
"https://www.sthenofitness.com/tools/macro","tools","200","https://www.sthenofitness.com/tools/macro","index","true","true","Macro Calculator | STHENO Fitness","33","Turn a calorie target into practical protein, fat, and carbohydrate ranges.","75","Macro Calculator","","","Macro Calculator","Turn a calorie target into practical protein, fat, and carbohydrate ranges.","","summary_large_image","WebApplication|Organization","","148","","","27","5",""
"https://www.sthenofitness.com/tools/one-rep-max","tools","200","https://www.sthenofitness.com/tools/one-rep-max","index","true","true","One-Rep Max Calculator | STHENO Fitness","39","Estimate 1RM from a submaximal set without testing a maximum.","61","One-Rep Max Calculator","","","One-Rep Max Calculator","Estimate 1RM from a submaximal set without testing a maximum.","","summary_large_image","WebApplication|Organization","","123","","","27","5",""
"https://www.sthenofitness.com/tools/plate-calculator","tools","200","https://www.sthenofitness.com/tools/plate-calculator","index","true","true","Barbell Plate Calculator | STHENO Fitness","41","Find the plates needed on each side of a standard bar.","54","Barbell Plate Calculator","","","Barbell Plate Calculator","Find the plates needed on each side of a standard bar.","","summary_large_image","WebApplication|Organization","","126","","","27","5",""
"https://www.sthenofitness.com/tools/protein","tools","200","https://www.sthenofitness.com/tools/protein","index","true","true","Protein Calculator | STHENO Fitness","35","Estimate a useful daily protein range for your goal.","52","Protein Calculator","","","Protein Calculator","Estimate a useful daily protein range for your goal.","","summary_large_image","WebApplication|Organization","","146","","","27","5",""
"https://www.sthenofitness.com/tools/race-time","tools","200","https://www.sthenofitness.com/tools/race-time","index","true","true","Race Pace Time Converter | STHENO Fitness","41","Project finish time at a chosen pace.","37","Race Pace Time Converter","","","Race Pace &amp; Time Converter","Project finish time at a chosen pace.","","summary_large_image","WebApplication|Organization","","126","","","27","5",""
"https://www.sthenofitness.com/tools/running-pace","tools","200","https://www.sthenofitness.com/tools/running-pace","index","true","true","Running Pace Calculator | STHENO Fitness","40","Convert distance and finish time into pace and speed.","53","Running Pace Calculator","","","Running Pace Calculator","Convert distance and finish time into pace and speed.","","summary_large_image","WebApplication|Organization","","125","","","27","5",""
"https://www.sthenofitness.com/tools/training-max","tools","200","https://www.sthenofitness.com/tools/training-max","index","true","true","Training Max Calculator | STHENO Fitness","40","Create a conservative working maximum from an estimated 1RM.","60","Training Max Calculator","","","Training Max Calculator","Create a conservative working maximum from an estimated 1RM.","","summary_large_image","WebApplication|Organization","","122","","","27","5",""
"https://www.sthenofitness.com/tools/training-split","tools","200","https://www.sthenofitness.com/tools/training-split","index","true","true","Training Split Recommender | STHENO Fitness","43","Match a training split to your available days.","46","Training Split Recommender","","","Training Split Recommender","Match a training split to your available days.","","summary_large_image","WebApplication|Organization","","121","","","27","5",""
"https://www.sthenofitness.com/tools/training-volume","tools","200","https://www.sthenofitness.com/tools/training-volume","index","true","true","Training Volume Calculator | STHENO Fitness","43","Calculate simple set volume and interpret it carefully.","55","Training Volume Calculator","","","Training Volume Calculator","Calculate simple set volume and interpret it carefully.","","summary_large_image","WebApplication|Organization","","122","","","27","5",""
"https://www.sthenofitness.com/tools/weight-loss-timeline","tools","200","https://www.sthenofitness.com/tools/weight-loss-timeline","index","true","true","Weight-Loss Timeline | STHENO Fitness","37","Explore a deliberately conservative weight-loss timeline.","57","Weight-Loss Timeline","","","Weight-Loss Timeline","Explore a deliberately conservative weight-loss timeline.","","summary_large_image","WebApplication|Organization","","143","","","27","5",""
"https://www.sthenofitness.com/tools/workout-frequency","tools","200","https://www.sthenofitness.com/tools/workout-frequency","index","true","true","Workout Frequency Recommender | STHENO Fitness","46","Choose a weekly structure you can realistically repeat.","55","Workout Frequency Recommender","","","Workout Frequency Recommender","Choose a weekly structure you can realistically repeat.","","summary_large_image","WebApplication|Organization","","121","","","27","5",""
"https://www.sthenofitness.com/vs/fitbod","vs","200","https://www.sthenofitness.com/vs/fitbod","index","true","true","STHENO vs Fitbod | STHENO Fitness","33","A factual comparison of STHENO personalized fitness coaching and Fitbod, verified from public first-party sources.","114","STHENO vs Fitbod","","","STHENO vs Fitbod","A factual comparison of STHENO personalized fitness coaching and Fitbod, verified from public first-party sources.","https://www.sthenofitness.com/opengraph-image","summary_large_image","BreadcrumbList|Organization","","311","","","28","7",""
"https://www.sthenofitness.com/vs/future","vs","200","https://www.sthenofitness.com/vs/future","index","true","true","STHENO vs Future | STHENO Fitness","33","A factual comparison of STHENO personalized fitness coaching and Future, verified from public first-party sources.","114","STHENO vs Future","","","STHENO vs Future","A factual comparison of STHENO personalized fitness coaching and Future, verified from public first-party sources.","https://www.sthenofitness.com/opengraph-image","summary_large_image","BreadcrumbList|Organization","","327","","","28","6",""
"https://www.sthenofitness.com/vs/level","vs","200","https://www.sthenofitness.com/vs/level","index","true","true","STHENO vs Level | STHENO Fitness","32","A factual comparison of STHENO personalized fitness coaching and Level, verified from public first-party sources.","113","STHENO vs Level","","","STHENO vs Level","A factual comparison of STHENO personalized fitness coaching and Level, verified from public first-party sources.","https://www.sthenofitness.com/opengraph-image","summary_large_image","BreadcrumbList|Organization","","340","","","28","6",""